SET search_path TO SILUTEL;

INSERT INTO SILUTEL.USER VALUES
  ('001@gmail.com', 'Nama User 001', 'Alamat User 001', 'Password 001', 'LA'),
  ('002@gmail.com', 'Nama User 002', 'Alamat User 002', 'Password 002', 'LA'),
  ('003@gmail.com', 'Nama User 003', 'Alamat User 003', 'Password 003', 'LA'),
  ('004@gmail.com', 'Nama User 004', 'Alamat User 004', 'Password 004', 'LA'),
  ('005@gmail.com', 'Nama User 005', 'Alamat User 005', 'Password 005', 'LA'),
  ('006@gmail.com', 'Nama User 006', 'Alamat User 006', 'Password 006', 'LA'),
  ('007@gmail.com', 'Nama User 007', 'Alamat User 007', 'Password 007', 'LA'),
  ('008@gmail.com', 'Nama User 008', 'Alamat User 008', 'Password 008', 'LA'),
  ('009@gmail.com', 'Nama User 009', 'Alamat User 009', 'Password 009', 'LA'),
  ('010@gmail.com', 'Nama User 010', 'Alamat User 010', 'Password 010', 'LA'),
  ('011@gmail.com', 'Nama User 011', 'Alamat User 011', 'Password 011', 'LA'),
  ('012@gmail.com', 'Nama User 012', 'Alamat User 012', 'Password 012', 'LA'),
  ('013@gmail.com', 'Nama User 013', 'Alamat User 013', 'Password 013', 'LA'),
  ('014@gmail.com', 'Nama User 014', 'Alamat User 014', 'Password 014', 'LA'),
  ('015@gmail.com', 'Nama User 015', 'Alamat User 015', 'Password 015', 'LA'),
  ('016@gmail.com', 'Nama User 016', 'Alamat User 016', 'Password 016', 'LA'),
  ('017@gmail.com', 'Nama User 017', 'Alamat User 017', 'Password 017', 'LA'),
  ('018@gmail.com', 'Nama User 018', 'Alamat User 018', 'Password 018', 'LA'),
  ('019@gmail.com', 'Nama User 019', 'Alamat User 019', 'Password 019', 'LA'),
  ('020@gmail.com', 'Nama User 020', 'Alamat User 020', 'Password 020', 'LA'),
  ('021@gmail.com', 'Nama User 021', 'Alamat User 021', 'Password 021', 'LA'),
  ('022@gmail.com', 'Nama User 022', 'Alamat User 022', 'Password 022', 'LA'),
  ('023@gmail.com', 'Nama User 023', 'Alamat User 023', 'Password 023', 'LA'),
  ('024@gmail.com', 'Nama User 024', 'Alamat User 024', 'Password 024', 'LA'),
  ('025@gmail.com', 'Nama User 025', 'Alamat User 025', 'Password 025', 'LA'),
  ('026@gmail.com', 'Nama User 026', 'Alamat User 026', 'Password 026', 'IN'),
  ('027@gmail.com', 'Nama User 027', 'Alamat User 027', 'Password 027', 'IN'),
  ('028@gmail.com', 'Nama User 028', 'Alamat User 028', 'Password 028', 'IN'),
  ('029@gmail.com', 'Nama User 029', 'Alamat User 029', 'Password 029', 'IN'),
  ('030@gmail.com', 'Nama User 030', 'Alamat User 030', 'Password 030', 'IN'),
  ('031@gmail.com', 'Nama User 031', 'Alamat User 031', 'Password 031', 'IN'),
  ('032@gmail.com', 'Nama User 032', 'Alamat User 032', 'Password 032', 'IN'),
  ('033@gmail.com', 'Nama User 033', 'Alamat User 033', 'Password 033', 'IN'),
  ('034@gmail.com', 'Nama User 034', 'Alamat User 034', 'Password 034', 'IN'),
  ('035@gmail.com', 'Nama User 035', 'Alamat User 035', 'Password 035', 'IN'),
  ('036@gmail.com', 'Nama User 036', 'Alamat User 036', 'Password 036', 'IN'),
  ('037@gmail.com', 'Nama User 037', 'Alamat User 037', 'Password 037', 'IN'),
  ('038@gmail.com', 'Nama User 038', 'Alamat User 038', 'Password 038', 'IN'),
  ('039@gmail.com', 'Nama User 039', 'Alamat User 039', 'Password 039', 'IN'),
  ('040@gmail.com', 'Nama User 040', 'Alamat User 040', 'Password 040', 'IN'),
  ('041@gmail.com', 'Nama User 041', 'Alamat User 041', 'Password 041', 'IN'),
  ('042@gmail.com', 'Nama User 042', 'Alamat User 042', 'Password 042', 'IN'),
  ('043@gmail.com', 'Nama User 043', 'Alamat User 043', 'Password 043', 'IN'),
  ('044@gmail.com', 'Nama User 044', 'Alamat User 044', 'Password 044', 'IN'),
  ('045@gmail.com', 'Nama User 045', 'Alamat User 045', 'Password 045', 'IN'),
  ('046@gmail.com', 'Nama User 046', 'Alamat User 046', 'Password 046', 'IN'),
  ('047@gmail.com', 'Nama User 047', 'Alamat User 047', 'Password 047', 'IN'),
  ('048@gmail.com', 'Nama User 048', 'Alamat User 048', 'Password 048', 'IN'),
  ('049@gmail.com', 'Nama User 049', 'Alamat User 049', 'Password 049', 'IN'),
  ('050@gmail.com', 'Nama User 050', 'Alamat User 050', 'Password 050', 'IN'),
  ('051@gmail.com', 'Nama User 051', 'Alamat User 051', 'Password 051', 'MG'),
  ('052@gmail.com', 'Nama User 052', 'Alamat User 052', 'Password 052', 'MG'),
  ('053@gmail.com', 'Nama User 053', 'Alamat User 053', 'Password 053', 'MG'),
  ('054@gmail.com', 'Nama User 054', 'Alamat User 054', 'Password 054', 'MG'),
  ('055@gmail.com', 'Nama User 055', 'Alamat User 055', 'Password 055', 'MG'),
  ('056@gmail.com', 'Nama User 056', 'Alamat User 056', 'Password 056', 'DA'),
  ('057@gmail.com', 'Nama User 057', 'Alamat User 057', 'Password 057', 'DA'),
  ('058@gmail.com', 'Nama User 058', 'Alamat User 058', 'Password 058', 'DA'),
  ('059@gmail.com', 'Nama User 059', 'Alamat User 059', 'Password 059', 'DA'),
  ('060@gmail.com', 'Nama User 060', 'Alamat User 060', 'Password 060', 'DA');

INSERT INTO USER_TELEPON VALUES
  ('001@gmail.com', '081-000-001'),
  ('002@gmail.com', '081-000-002'),
  ('003@gmail.com', '081-000-003'),
  ('004@gmail.com', '081-000-004'),
  ('005@gmail.com', '081-000-005'),
  ('006@gmail.com', '081-000-006'),
  ('007@gmail.com', '081-000-007'),
  ('008@gmail.com', '081-000-008'),
  ('009@gmail.com', '081-000-009'),
  ('010@gmail.com', '081-000-010'),
  ('011@gmail.com', '081-000-011'),
  ('012@gmail.com', '081-000-012'),
  ('013@gmail.com', '081-000-013'),
  ('014@gmail.com', '081-000-014'),
  ('015@gmail.com', '081-000-015'),
  ('016@gmail.com', '081-000-016'),
  ('017@gmail.com', '081-000-017'),
  ('018@gmail.com', '081-000-018'),
  ('019@gmail.com', '081-000-019'),
  ('020@gmail.com', '081-000-020'),
  ('021@gmail.com', '081-000-021'),
  ('022@gmail.com', '081-000-022'),
  ('023@gmail.com', '081-000-023'),
  ('024@gmail.com', '081-000-024'),
  ('025@gmail.com', '081-000-025'),
  ('026@gmail.com', '081-000-026'),
  ('027@gmail.com', '081-000-027'),
  ('028@gmail.com', '081-000-028'),
  ('029@gmail.com', '081-000-029'),
  ('030@gmail.com', '081-000-030'),
  ('031@gmail.com', '081-000-031'),
  ('032@gmail.com', '081-000-032'),
  ('033@gmail.com', '081-000-033'),
  ('034@gmail.com', '081-000-034'),
  ('035@gmail.com', '081-000-035'),
  ('036@gmail.com', '081-000-036'),
  ('037@gmail.com', '081-000-037'),
  ('038@gmail.com', '081-000-038'),
  ('039@gmail.com', '081-000-039'),
  ('040@gmail.com', '081-000-040'),
  ('041@gmail.com', '081-000-041'),
  ('042@gmail.com', '081-000-042'),
  ('043@gmail.com', '081-000-043'),
  ('044@gmail.com', '081-000-044'),
  ('045@gmail.com', '081-000-045'),
  ('046@gmail.com', '081-000-046'),
  ('047@gmail.com', '081-000-047'),
  ('048@gmail.com', '081-000-048'),
  ('049@gmail.com', '081-000-049'),
  ('050@gmail.com', '081-000-050'),
  ('051@gmail.com', '081-000-051'),
  ('052@gmail.com', '081-000-052'),
  ('053@gmail.com', '081-000-053'),
  ('054@gmail.com', '081-000-054'),
  ('055@gmail.com', '081-000-055'),
  ('056@gmail.com', '081-000-056'),
  ('057@gmail.com', '081-000-057'),
  ('058@gmail.com', '081-000-058'),
  ('059@gmail.com', '081-000-059'),
  ('060@gmail.com', '081-000-060');

INSERT INTO STAF_LAUNDRY VALUES
  ('001@gmail.com', 1),
  ('002@gmail.com', 1),
  ('003@gmail.com', 1),
  ('004@gmail.com', 1),
  ('005@gmail.com', 1),
  ('006@gmail.com', 1),
  ('007@gmail.com', 1),
  ('008@gmail.com', 1),
  ('009@gmail.com', 1),
  ('010@gmail.com', 1),
  ('011@gmail.com', 1),
  ('012@gmail.com', 1),
  ('013@gmail.com', 1),
  ('014@gmail.com', 1),
  ('015@gmail.com', 1),
  ('016@gmail.com', 1),
  ('017@gmail.com', 1),
  ('018@gmail.com', 1),
  ('019@gmail.com', 1),
  ('020@gmail.com', 1),
  ('021@gmail.com', 1),
  ('022@gmail.com', 1),
  ('023@gmail.com', 1),
  ('024@gmail.com', 1),
  ('025@gmail.com', 1);

INSERT INTO STAF_INVENTORI_KAMAR VALUES
  ('026@gmail.com', 1),
  ('027@gmail.com', 1),
  ('028@gmail.com', 1),
  ('029@gmail.com', 1),
  ('030@gmail.com', 1),
  ('031@gmail.com', 1),
  ('032@gmail.com', 1),
  ('033@gmail.com', 1),
  ('034@gmail.com', 1),
  ('035@gmail.com', 1),
  ('036@gmail.com', 1),
  ('037@gmail.com', 1),
  ('038@gmail.com', 1),
  ('039@gmail.com', 1),
  ('040@gmail.com', 1),
  ('041@gmail.com', 1),
  ('042@gmail.com', 1),
  ('043@gmail.com', 1),
  ('044@gmail.com', 1),
  ('045@gmail.com', 1),
  ('046@gmail.com', 1),
  ('047@gmail.com', 1),
  ('048@gmail.com', 1),
  ('049@gmail.com', 1),
  ('050@gmail.com', 1);

INSERT INTO LAUNDRY_STAF_LAUNDRY VALUES
  ('001@gmail.com', '2016-01-01 00:00:00'),
  ('002@gmail.com', '2016-01-01 00:00:00'),
  ('003@gmail.com', '2016-01-01 00:00:00'),
  ('004@gmail.com', '2016-01-01 00:00:00'),
  ('005@gmail.com', '2016-01-01 00:00:00'),
  ('006@gmail.com', '2016-01-01 00:00:00'),
  ('007@gmail.com', '2016-01-01 00:00:00'),
  ('008@gmail.com', '2016-01-01 00:00:00'),
  ('009@gmail.com', '2016-01-01 00:00:00'),
  ('010@gmail.com', '2016-01-01 00:00:00'),
  ('011@gmail.com', '2016-01-01 00:00:00'),
  ('012@gmail.com', '2016-01-01 00:00:00'),
  ('013@gmail.com', '2016-01-01 00:00:00'),
  ('014@gmail.com', '2016-01-01 00:00:00'),
  ('015@gmail.com', '2016-01-01 00:00:00'),
  ('016@gmail.com', '2016-01-01 00:00:00'),
  ('017@gmail.com', '2016-01-01 00:00:00'),
  ('018@gmail.com', '2016-01-01 00:00:00'),
  ('019@gmail.com', '2016-01-01 00:00:00'),
  ('020@gmail.com', '2016-01-01 00:00:00'),
  ('021@gmail.com', '2016-01-01 00:00:00'),
  ('022@gmail.com', '2016-01-01 00:00:00'),
  ('023@gmail.com', '2016-01-01 00:00:00'),
  ('024@gmail.com', '2016-01-01 00:00:00'),
  ('025@gmail.com', '2016-01-01 00:00:00'),
  ('001@gmail.com', '2016-01-02 00:00:00'),
  ('002@gmail.com', '2016-01-02 00:00:00'),
  ('003@gmail.com', '2016-01-02 00:00:00'),
  ('004@gmail.com', '2016-01-02 00:00:00'),
  ('005@gmail.com', '2016-01-02 00:00:00'),
  ('006@gmail.com', '2016-01-02 00:00:00'),
  ('007@gmail.com', '2016-01-02 00:00:00'),
  ('008@gmail.com', '2016-01-02 00:00:00'),
  ('009@gmail.com', '2016-01-02 00:00:00'),
  ('010@gmail.com', '2016-01-02 00:00:00'),
  ('011@gmail.com', '2016-01-02 00:00:00'),
  ('012@gmail.com', '2016-01-02 00:00:00'),
  ('013@gmail.com', '2016-01-02 00:00:00'),
  ('014@gmail.com', '2016-01-02 00:00:00'),
  ('015@gmail.com', '2016-01-02 00:00:00'),
  ('016@gmail.com', '2016-01-02 00:00:00'),
  ('017@gmail.com', '2016-01-02 00:00:00'),
  ('018@gmail.com', '2016-01-02 00:00:00'),
  ('019@gmail.com', '2016-01-02 00:00:00'),
  ('020@gmail.com', '2016-01-02 00:00:00'),
  ('021@gmail.com', '2016-01-02 00:00:00'),
  ('022@gmail.com', '2016-01-02 00:00:00'),
  ('023@gmail.com', '2016-01-02 00:00:00'),
  ('024@gmail.com', '2016-01-02 00:00:00'),
  ('025@gmail.com', '2016-01-02 00:00:00');

INSERT INTO TAMU VALUES
  ('T001', 'Nama Tamu 001', 'Alamat Tamu 001'),
  ('T002', 'Nama Tamu 002', 'Alamat Tamu 002'),
  ('T003', 'Nama Tamu 003', 'Alamat Tamu 003'),
  ('T004', 'Nama Tamu 004', 'Alamat Tamu 004'),
  ('T005', 'Nama Tamu 005', 'Alamat Tamu 005'),
  ('T006', 'Nama Tamu 006', 'Alamat Tamu 006'),
  ('T007', 'Nama Tamu 007', 'Alamat Tamu 007'),
  ('T008', 'Nama Tamu 008', 'Alamat Tamu 008'),
  ('T009', 'Nama Tamu 009', 'Alamat Tamu 009'),
  ('T010', 'Nama Tamu 010', 'Alamat Tamu 010'),
  ('T011', 'Nama Tamu 011', 'Alamat Tamu 011'),
  ('T012', 'Nama Tamu 012', 'Alamat Tamu 012'),
  ('T013', 'Nama Tamu 013', 'Alamat Tamu 013'),
  ('T014', 'Nama Tamu 014', 'Alamat Tamu 014'),
  ('T015', 'Nama Tamu 015', 'Alamat Tamu 015'),
  ('T016', 'Nama Tamu 016', 'Alamat Tamu 016'),
  ('T017', 'Nama Tamu 017', 'Alamat Tamu 017'),
  ('T018', 'Nama Tamu 018', 'Alamat Tamu 018'),
  ('T019', 'Nama Tamu 019', 'Alamat Tamu 019'),
  ('T020', 'Nama Tamu 020', 'Alamat Tamu 020'),
  ('T021', 'Nama Tamu 021', 'Alamat Tamu 021'),
  ('T022', 'Nama Tamu 022', 'Alamat Tamu 022'),
  ('T023', 'Nama Tamu 023', 'Alamat Tamu 023'),
  ('T024', 'Nama Tamu 024', 'Alamat Tamu 024'),
  ('T025', 'Nama Tamu 025', 'Alamat Tamu 025'),
  ('T026', 'Nama Tamu 026', 'Alamat Tamu 026'),
  ('T027', 'Nama Tamu 027', 'Alamat Tamu 027'),
  ('T028', 'Nama Tamu 028', 'Alamat Tamu 028'),
  ('T029', 'Nama Tamu 029', 'Alamat Tamu 029'),
  ('T030', 'Nama Tamu 030', 'Alamat Tamu 030'),
  ('T031', 'Nama Tamu 031', 'Alamat Tamu 031'),
  ('T032', 'Nama Tamu 032', 'Alamat Tamu 032'),
  ('T033', 'Nama Tamu 033', 'Alamat Tamu 033'),
  ('T034', 'Nama Tamu 034', 'Alamat Tamu 034'),
  ('T035', 'Nama Tamu 035', 'Alamat Tamu 035'),
  ('T036', 'Nama Tamu 036', 'Alamat Tamu 036'),
  ('T037', 'Nama Tamu 037', 'Alamat Tamu 037'),
  ('T038', 'Nama Tamu 038', 'Alamat Tamu 038'),
  ('T039', 'Nama Tamu 039', 'Alamat Tamu 039'),
  ('T040', 'Nama Tamu 040', 'Alamat Tamu 040'),
  ('T041', 'Nama Tamu 041', 'Alamat Tamu 041'),
  ('T042', 'Nama Tamu 042', 'Alamat Tamu 042'),
  ('T043', 'Nama Tamu 043', 'Alamat Tamu 043'),
  ('T044', 'Nama Tamu 044', 'Alamat Tamu 044'),
  ('T045', 'Nama Tamu 045', 'Alamat Tamu 045'),
  ('T046', 'Nama Tamu 046', 'Alamat Tamu 046'),
  ('T047', 'Nama Tamu 047', 'Alamat Tamu 047'),
  ('T048', 'Nama Tamu 048', 'Alamat Tamu 048'),
  ('T049', 'Nama Tamu 049', 'Alamat Tamu 049'),
  ('T050', 'Nama Tamu 050', 'Alamat Tamu 050');

INSERT INTO TAMU_TELEPON VALUES
  ('T001', '081-001-001'),
  ('T002', '081-001-002'),
  ('T003', '081-001-003'),
  ('T004', '081-001-004'),
  ('T005', '081-001-005'),
  ('T006', '081-001-006'),
  ('T007', '081-001-007'),
  ('T008', '081-001-008'),
  ('T009', '081-001-009'),
  ('T010', '081-001-010'),
  ('T011', '081-001-011'),
  ('T012', '081-001-012'),
  ('T013', '081-001-013'),
  ('T014', '081-001-014'),
  ('T015', '081-001-015'),
  ('T016', '081-001-016'),
  ('T017', '081-001-017'),
  ('T018', '081-001-018'),
  ('T019', '081-001-019'),
  ('T020', '081-001-020'),
  ('T021', '081-001-021'),
  ('T022', '081-001-022'),
  ('T023', '081-001-023'),
  ('T024', '081-001-024'),
  ('T025', '081-001-025'),
  ('T026', '081-001-026'),
  ('T027', '081-001-027'),
  ('T028', '081-001-028'),
  ('T029', '081-001-029'),
  ('T030', '081-001-030'),
  ('T031', '081-001-031'),
  ('T032', '081-001-032'),
  ('T033', '081-001-033'),
  ('T034', '081-001-034'),
  ('T035', '081-001-035'),
  ('T036', '081-001-036'),
  ('T037', '081-001-037'),
  ('T038', '081-001-038'),
  ('T039', '081-001-039'),
  ('T040', '081-001-040'),
  ('T041', '081-001-041'),
  ('T042', '081-001-042'),
  ('T043', '081-001-043'),
  ('T044', '081-001-044'),
  ('T045', '081-001-045'),
  ('T046', '081-001-046'),
  ('T047', '081-001-047'),
  ('T048', '081-001-048'),
  ('T049', '081-001-049'),
  ('T050', '081-001-050');

INSERT INTO INVOICE VALUES
  ('AAA001', '2016-01-01', '2016-01-02', 1, 'T001', 0, 0),
  ('AAA002', '2016-01-01', '2016-01-02', 1, 'T002', 0, 0),
  ('AAA003', '2016-01-01', '2016-01-02', 1, 'T003', 0, 0),
  ('AAA004', '2016-01-01', '2016-01-02', 1, 'T004', 0, 0),
  ('AAA005', '2016-01-01', '2016-01-02', 1, 'T005', 0, 0),
  ('AAA006', '2016-01-01', '2016-01-02', 1, 'T006', 0, 0),
  ('AAA007', '2016-01-01', '2016-01-02', 1, 'T007', 0, 0),
  ('AAA008', '2016-01-01', '2016-01-02', 1, 'T008', 0, 0),
  ('AAA009', '2016-01-01', '2016-01-02', 1, 'T009', 0, 0),
  ('AAA010', '2016-01-01', '2016-01-02', 1, 'T010', 0, 0),
  ('AAA011', '2016-01-01', '2016-01-02', 1, 'T011', 0, 0),
  ('AAA012', '2016-01-01', '2016-01-02', 1, 'T012', 0, 0),
  ('AAA013', '2016-01-01', '2016-01-02', 1, 'T013', 0, 0),
  ('AAA014', '2016-01-01', '2016-01-02', 1, 'T014', 0, 0),
  ('AAA015', '2016-01-01', '2016-01-02', 1, 'T015', 0, 0),
  ('AAA016', '2016-01-01', '2016-01-02', 1, 'T016', 0, 0),
  ('AAA017', '2016-01-01', '2016-01-02', 1, 'T017', 0, 0),
  ('AAA018', '2016-01-01', '2016-01-02', 1, 'T018', 0, 0),
  ('AAA019', '2016-01-01', '2016-01-02', 1, 'T019', 0, 0),
  ('AAA020', '2016-01-01', '2016-01-02', 1, 'T020', 0, 0),
  ('AAA021', '2016-01-01', '2016-01-02', 1, 'T021', 0, 0),
  ('AAA022', '2016-01-01', '2016-01-02', 1, 'T022', 0, 0),
  ('AAA023', '2016-01-01', '2016-01-02', 1, 'T023', 0, 0),
  ('AAA024', '2016-01-01', '2016-01-02', 1, 'T024', 0, 0),
  ('AAA025', '2016-01-01', '2016-01-02', 1, 'T025', 0, 0),
  ('AAA026', '2016-01-01', '2016-01-02', 1, 'T026', 0, 0),
  ('AAA027', '2016-01-01', '2016-01-02', 1, 'T027', 0, 0),
  ('AAA028', '2016-01-01', '2016-01-02', 1, 'T028', 0, 0),
  ('AAA029', '2016-01-01', '2016-01-02', 1, 'T029', 0, 0),
  ('AAA030', '2016-01-01', '2016-01-02', 1, 'T030', 0, 0),
  ('AAA031', '2016-01-01', '2016-01-02', 1, 'T031', 0, 0),
  ('AAA032', '2016-01-01', '2016-01-02', 1, 'T032', 0, 0),
  ('AAA033', '2016-01-01', '2016-01-02', 1, 'T033', 0, 0),
  ('AAA034', '2016-01-01', '2016-01-02', 1, 'T034', 0, 0),
  ('AAA035', '2016-01-01', '2016-01-02', 1, 'T035', 0, 0),
  ('AAA036', '2016-01-01', '2016-01-02', 1, 'T036', 0, 0),
  ('AAA037', '2016-01-01', '2016-01-02', 1, 'T037', 0, 0),
  ('AAA038', '2016-01-01', '2016-01-02', 1, 'T038', 0, 0),
  ('AAA039', '2016-01-01', '2016-01-02', 1, 'T039', 0, 0),
  ('AAA040', '2016-01-01', '2016-01-02', 1, 'T040', 0, 0),
  ('AAA041', '2016-01-01', '2016-01-02', 1, 'T041', 0, 0),
  ('AAA042', '2016-01-01', '2016-01-02', 1, 'T042', 0, 0),
  ('AAA043', '2016-01-01', '2016-01-02', 1, 'T043', 0, 0),
  ('AAA044', '2016-01-01', '2016-01-02', 1, 'T044', 0, 0),
  ('AAA045', '2016-01-01', '2016-01-02', 1, 'T045', 0, 0),
  ('AAA046', '2016-01-01', '2016-01-02', 1, 'T046', 0, 0),
  ('AAA047', '2016-01-01', '2016-01-02', 1, 'T047', 0, 0),
  ('AAA048', '2016-01-01', '2016-01-02', 1, 'T048', 0, 0),
  ('AAA049', '2016-01-01', '2016-01-02', 1, 'T049', 0, 0),
  ('AAA050', '2016-01-01', '2016-01-02', 1, 'T050', 0, 0),
  ('AAA051', '2016-01-01', '2016-01-02', 1, 'T001', 0, 0),
  ('AAA052', '2016-01-01', '2016-01-02', 1, 'T002', 0, 0),
  ('AAA053', '2016-01-01', '2016-01-02', 1, 'T003', 0, 0),
  ('AAA054', '2016-01-01', '2016-01-02', 1, 'T004', 0, 0),
  ('AAA055', '2016-01-01', '2016-01-02', 1, 'T005', 0, 0),
  ('AAA056', '2016-01-01', '2016-01-02', 1, 'T006', 0, 0),
  ('AAA057', '2016-01-01', '2016-01-02', 1, 'T007', 0, 0),
  ('AAA058', '2016-01-01', '2016-01-02', 1, 'T008', 0, 0),
  ('AAA059', '2016-01-01', '2016-01-02', 1, 'T009', 0, 0),
  ('AAA060', '2016-01-01', '2016-01-02', 1, 'T010', 0, 0),
  ('AAA061', '2016-01-01', '2016-01-02', 1, 'T011', 0, 0),
  ('AAA062', '2016-01-01', '2016-01-02', 1, 'T012', 0, 0),
  ('AAA063', '2016-01-01', '2016-01-02', 1, 'T013', 0, 0),
  ('AAA064', '2016-01-01', '2016-01-02', 1, 'T014', 0, 0),
  ('AAA065', '2016-01-01', '2016-01-02', 1, 'T015', 0, 0),
  ('AAA066', '2016-01-01', '2016-01-02', 1, 'T016', 0, 0),
  ('AAA067', '2016-01-01', '2016-01-02', 1, 'T017', 0, 0),
  ('AAA068', '2016-01-01', '2016-01-02', 1, 'T018', 0, 0),
  ('AAA069', '2016-01-01', '2016-01-02', 1, 'T019', 0, 0),
  ('AAA070', '2016-01-01', '2016-01-02', 1, 'T020', 0, 0),
  ('AAA071', '2016-01-01', '2016-01-02', 1, 'T021', 0, 0),
  ('AAA072', '2016-01-01', '2016-01-02', 1, 'T022', 0, 0),
  ('AAA073', '2016-01-01', '2016-01-02', 1, 'T023', 0, 0),
  ('AAA074', '2016-01-01', '2016-01-02', 1, 'T024', 0, 0),
  ('AAA075', '2016-01-01', '2016-01-02', 1, 'T025', 0, 0),
  ('AAA076', '2016-01-01', '2016-01-02', 1, 'T026', 0, 0),
  ('AAA077', '2016-01-01', '2016-01-02', 1, 'T027', 0, 0),
  ('AAA078', '2016-01-01', '2016-01-02', 1, 'T028', 0, 0),
  ('AAA079', '2016-01-01', '2016-01-02', 1, 'T029', 0, 0),
  ('AAA080', '2016-01-01', '2016-01-02', 1, 'T030', 0, 0),
  ('AAA081', '2016-01-01', '2016-01-02', 1, 'T031', 0, 0),
  ('AAA082', '2016-01-01', '2016-01-02', 1, 'T032', 0, 0),
  ('AAA083', '2016-01-01', '2016-01-02', 1, 'T033', 0, 0),
  ('AAA084', '2016-01-01', '2016-01-02', 1, 'T034', 0, 0),
  ('AAA085', '2016-01-01', '2016-01-02', 1, 'T035', 0, 0),
  ('AAA086', '2016-01-01', '2016-01-02', 1, 'T036', 0, 0),
  ('AAA087', '2016-01-01', '2016-01-02', 1, 'T037', 0, 0),
  ('AAA088', '2016-01-01', '2016-01-02', 1, 'T038', 0, 0),
  ('AAA089', '2016-01-01', '2016-01-02', 1, 'T039', 0, 0),
  ('AAA090', '2016-01-01', '2016-01-02', 1, 'T040', 0, 0),
  ('AAA091', '2016-01-01', '2016-01-02', 1, 'T041', 0, 0),
  ('AAA092', '2016-01-01', '2016-01-02', 1, 'T042', 0, 0),
  ('AAA093', '2016-01-01', '2016-01-02', 1, 'T043', 0, 0),
  ('AAA094', '2016-01-01', '2016-01-02', 1, 'T044', 0, 0),
  ('AAA095', '2016-01-01', '2016-01-02', 1, 'T045', 0, 0),
  ('AAA096', '2016-01-01', '2016-01-02', 1, 'T046', 0, 0),
  ('AAA097', '2016-01-01', '2016-01-02', 1, 'T047', 0, 0),
  ('AAA098', '2016-01-01', '2016-01-02', 1, 'T048', 0, 0),
  ('AAA099', '2016-01-01', '2016-01-02', 1, 'T049', 0, 0),
  ('AAA100', '2016-01-01', '2016-01-02', 1, 'T050', 0, 0),
  ('AAA101', '2016-01-01', '2016-01-02', 1, 'T001', 0, 0),
  ('AAA102', '2016-01-01', '2016-01-02', 1, 'T002', 0, 0),
  ('AAA103', '2016-01-01', '2016-01-02', 1, 'T003', 0, 0),
  ('AAA104', '2016-01-01', '2016-01-02', 1, 'T004', 0, 0),
  ('AAA105', '2016-01-01', '2016-01-02', 1, 'T005', 0, 0),
  ('AAA106', '2016-01-01', '2016-01-02', 1, 'T006', 0, 0),
  ('AAA107', '2016-01-01', '2016-01-02', 1, 'T007', 0, 0),
  ('AAA108', '2016-01-01', '2016-01-02', 1, 'T008', 0, 0),
  ('AAA109', '2016-01-01', '2016-01-02', 1, 'T009', 0, 0),
  ('AAA110', '2016-01-01', '2016-01-02', 1, 'T010', 0, 0),
  ('AAA111', '2016-01-01', '2016-01-02', 1, 'T011', 0, 0),
  ('AAA112', '2016-01-01', '2016-01-02', 1, 'T012', 0, 0),
  ('AAA113', '2016-01-01', '2016-01-02', 1, 'T013', 0, 0),
  ('AAA114', '2016-01-01', '2016-01-02', 1, 'T014', 0, 0),
  ('AAA115', '2016-01-01', '2016-01-02', 1, 'T015', 0, 0),
  ('AAA116', '2016-01-01', '2016-01-02', 1, 'T016', 0, 0),
  ('AAA117', '2016-01-01', '2016-01-02', 1, 'T017', 0, 0),
  ('AAA118', '2016-01-01', '2016-01-02', 1, 'T018', 0, 0),
  ('AAA119', '2016-01-01', '2016-01-02', 1, 'T019', 0, 0),
  ('AAA120', '2016-01-01', '2016-01-02', 1, 'T020', 0, 0),
  ('AAA121', '2016-01-01', '2016-01-02', 1, 'T021', 0, 0),
  ('AAA122', '2016-01-01', '2016-01-02', 1, 'T022', 0, 0),
  ('AAA123', '2016-01-01', '2016-01-02', 1, 'T023', 0, 0),
  ('AAA124', '2016-01-01', '2016-01-02', 1, 'T024', 0, 0),
  ('AAA125', '2016-01-01', '2016-01-02', 1, 'T025', 0, 0),
  ('AAA126', '2016-01-01', '2016-01-02', 1, 'T026', 0, 0),
  ('AAA127', '2016-01-01', '2016-01-02', 1, 'T027', 0, 0),
  ('AAA128', '2016-01-01', '2016-01-02', 1, 'T028', 0, 0),
  ('AAA129', '2016-01-01', '2016-01-02', 1, 'T029', 0, 0),
  ('AAA130', '2016-01-01', '2016-01-02', 1, 'T030', 0, 0),
  ('AAA131', '2016-01-01', '2016-01-02', 1, 'T031', 0, 0),
  ('AAA132', '2016-01-01', '2016-01-02', 1, 'T032', 0, 0),
  ('AAA133', '2016-01-01', '2016-01-02', 1, 'T033', 0, 0),
  ('AAA134', '2016-01-01', '2016-01-02', 1, 'T034', 0, 0),
  ('AAA135', '2016-01-01', '2016-01-02', 1, 'T035', 0, 0),
  ('AAA136', '2016-01-01', '2016-01-02', 1, 'T036', 0, 0),
  ('AAA137', '2016-01-01', '2016-01-02', 1, 'T037', 0, 0),
  ('AAA138', '2016-01-01', '2016-01-02', 1, 'T038', 0, 0),
  ('AAA139', '2016-01-01', '2016-01-02', 1, 'T039', 0, 0),
  ('AAA140', '2016-01-01', '2016-01-02', 1, 'T040', 0, 0),
  ('AAA141', '2016-01-01', '2016-01-02', 1, 'T041', 0, 0),
  ('AAA142', '2016-01-01', '2016-01-02', 1, 'T042', 0, 0),
  ('AAA143', '2016-01-01', '2016-01-02', 1, 'T043', 0, 0),
  ('AAA144', '2016-01-01', '2016-01-02', 1, 'T044', 0, 0),
  ('AAA145', '2016-01-01', '2016-01-02', 1, 'T045', 0, 0),
  ('AAA146', '2016-01-01', '2016-01-02', 1, 'T046', 0, 0),
  ('AAA147', '2016-01-01', '2016-01-02', 1, 'T047', 0, 0),
  ('AAA148', '2016-01-01', '2016-01-02', 1, 'T048', 0, 0),
  ('AAA149', '2016-01-01', '2016-01-02', 1, 'T049', 0, 0),
  ('AAA150', '2016-01-01', '2016-01-02', 1, 'T050', 0, 0),
  ('AAA151', '2016-01-01', '2016-01-02', 1, 'T001', 0, 0),
  ('AAA152', '2016-01-01', '2016-01-02', 1, 'T002', 0, 0),
  ('AAA153', '2016-01-01', '2016-01-02', 1, 'T003', 0, 0),
  ('AAA154', '2016-01-01', '2016-01-02', 1, 'T004', 0, 0),
  ('AAA155', '2016-01-01', '2016-01-02', 1, 'T005', 0, 0),
  ('AAA156', '2016-01-01', '2016-01-02', 1, 'T006', 0, 0),
  ('AAA157', '2016-01-01', '2016-01-02', 1, 'T007', 0, 0),
  ('AAA158', '2016-01-01', '2016-01-02', 1, 'T008', 0, 0),
  ('AAA159', '2016-01-01', '2016-01-02', 1, 'T009', 0, 0),
  ('AAA160', '2016-01-01', '2016-01-02', 1, 'T010', 0, 0),
  ('AAA161', '2016-01-01', '2016-01-02', 1, 'T011', 0, 0),
  ('AAA162', '2016-01-01', '2016-01-02', 1, 'T012', 0, 0),
  ('AAA163', '2016-01-01', '2016-01-02', 1, 'T013', 0, 0),
  ('AAA164', '2016-01-01', '2016-01-02', 1, 'T014', 0, 0),
  ('AAA165', '2016-01-01', '2016-01-02', 1, 'T015', 0, 0),
  ('AAA166', '2016-01-01', '2016-01-02', 1, 'T016', 0, 0),
  ('AAA167', '2016-01-01', '2016-01-02', 1, 'T017', 0, 0),
  ('AAA168', '2016-01-01', '2016-01-02', 1, 'T018', 0, 0),
  ('AAA169', '2016-01-01', '2016-01-02', 1, 'T019', 0, 0),
  ('AAA170', '2016-01-01', '2016-01-02', 1, 'T020', 0, 0),
  ('AAA171', '2016-01-01', '2016-01-02', 1, 'T021', 0, 0),
  ('AAA172', '2016-01-01', '2016-01-02', 1, 'T022', 0, 0),
  ('AAA173', '2016-01-01', '2016-01-02', 1, 'T023', 0, 0),
  ('AAA174', '2016-01-01', '2016-01-02', 1, 'T024', 0, 0),
  ('AAA175', '2016-01-01', '2016-01-02', 1, 'T025', 0, 0),
  ('AAA176', '2016-01-01', '2016-01-02', 1, 'T026', 0, 0),
  ('AAA177', '2016-01-01', '2016-01-02', 1, 'T027', 0, 0),
  ('AAA178', '2016-01-01', '2016-01-02', 1, 'T028', 0, 0),
  ('AAA179', '2016-01-01', '2016-01-02', 1, 'T029', 0, 0),
  ('AAA180', '2016-01-01', '2016-01-02', 1, 'T030', 0, 0),
  ('AAA181', '2016-01-01', '2016-01-02', 1, 'T031', 0, 0),
  ('AAA182', '2016-01-01', '2016-01-02', 1, 'T032', 0, 0),
  ('AAA183', '2016-01-01', '2016-01-02', 1, 'T033', 0, 0),
  ('AAA184', '2016-01-01', '2016-01-02', 1, 'T034', 0, 0),
  ('AAA185', '2016-01-01', '2016-01-02', 1, 'T035', 0, 0),
  ('AAA186', '2016-01-01', '2016-01-02', 1, 'T036', 0, 0),
  ('AAA187', '2016-01-01', '2016-01-02', 1, 'T037', 0, 0),
  ('AAA188', '2016-01-01', '2016-01-02', 1, 'T038', 0, 0),
  ('AAA189', '2016-01-01', '2016-01-02', 1, 'T039', 0, 0),
  ('AAA190', '2016-01-01', '2016-01-02', 1, 'T040', 0, 0),
  ('AAA191', '2016-01-01', '2016-01-02', 1, 'T041', 0, 0),
  ('AAA192', '2016-01-01', '2016-01-02', 1, 'T042', 0, 0),
  ('AAA193', '2016-01-01', '2016-01-02', 1, 'T043', 0, 0),
  ('AAA194', '2016-01-01', '2016-01-02', 1, 'T044', 0, 0),
  ('AAA195', '2016-01-01', '2016-01-02', 1, 'T045', 0, 0),
  ('AAA196', '2016-01-01', '2016-01-02', 1, 'T046', 0, 0),
  ('AAA197', '2016-01-01', '2016-01-02', 1, 'T047', 0, 0),
  ('AAA198', '2016-01-01', '2016-01-02', 1, 'T048', 0, 0),
  ('AAA199', '2016-01-01', '2016-01-02', 1, 'T049', 0, 0),
  ('AAA200', '2016-01-01', '2016-01-02', 1, 'T050', 0, 0);

INSERT INTO TIPE_KAMAR VALUES
  ('TIPE001', 1, 'Deskripsi tipe kamar', 1, 1),
  ('TIPE002', 1, 'Deskripsi tipe kamar', 1, 1),
  ('TIPE003', 1, 'Deskripsi tipe kamar', 1, 1),
  ('TIPE004', 1, 'Deskripsi tipe kamar', 1, 1),
  ('TIPE005', 1, 'Deskripsi tipe kamar', 1, 1),
  ('TIPE006', 1, 'Deskripsi tipe kamar', 1, 1),
  ('TIPE007', 1, 'Deskripsi tipe kamar', 1, 1),
  ('TIPE008', 1, 'Deskripsi tipe kamar', 1, 1),
  ('TIPE009', 1, 'Deskripsi tipe kamar', 1, 1),
  ('TIPE010', 1, 'Deskripsi tipe kamar', 1, 1);

INSERT INTO KAMAR VALUES
  (1, 1, 'TIPE001'),
  (2, 1, 'TIPE002'),
  (3, 1, 'TIPE003'),
  (4, 1, 'TIPE004'),
  (5, 1, 'TIPE005'),
  (6, 1, 'TIPE006'),
  (7, 1, 'TIPE007'),
  (8, 1, 'TIPE008'),
  (9, 1, 'TIPE009'),
  (10, 1, 'TIPE010'),
  (11, 1, 'TIPE001'),
  (12, 1, 'TIPE002'),
  (13, 1, 'TIPE003'),
  (14, 1, 'TIPE004'),
  (15, 1, 'TIPE005'),
  (16, 1, 'TIPE006'),
  (17, 1, 'TIPE007'),
  (18, 1, 'TIPE008'),
  (19, 1, 'TIPE009'),
  (20, 1, 'TIPE010'),
  (21, 1, 'TIPE001'),
  (22, 1, 'TIPE002'),
  (23, 1, 'TIPE003'),
  (24, 1, 'TIPE004'),
  (25, 1, 'TIPE005'),
  (26, 1, 'TIPE006'),
  (27, 1, 'TIPE007'),
  (28, 1, 'TIPE008'),
  (29, 1, 'TIPE009'),
  (30, 1, 'TIPE010'),
  (31, 1, 'TIPE001'),
  (32, 1, 'TIPE002'),
  (33, 1, 'TIPE003'),
  (34, 1, 'TIPE004'),
  (35, 1, 'TIPE005'),
  (36, 1, 'TIPE006'),
  (37, 1, 'TIPE007'),
  (38, 1, 'TIPE008'),
  (39, 1, 'TIPE009'),
  (40, 1, 'TIPE010'),
  (41, 1, 'TIPE001'),
  (42, 1, 'TIPE002'),
  (43, 1, 'TIPE003'),
  (44, 1, 'TIPE004'),
  (45, 1, 'TIPE005'),
  (46, 1, 'TIPE006'),
  (47, 1, 'TIPE007'),
  (48, 1, 'TIPE008'),
  (49, 1, 'TIPE009'),
  (50, 1, 'TIPE010');

INSERT INTO INVOICE_KAMAR VALUES
  ('AAA001', 1, 1),
  ('AAA002', 2, 1),
  ('AAA003', 3, 1),
  ('AAA004', 4, 1),
  ('AAA005', 5, 1),
  ('AAA006', 6, 1),
  ('AAA007', 7, 1),
  ('AAA008', 8, 1),
  ('AAA009', 9, 1),
  ('AAA010', 10, 1),
  ('AAA011', 11, 1),
  ('AAA012', 12, 1),
  ('AAA013', 13, 1),
  ('AAA014', 14, 1),
  ('AAA015', 15, 1),
  ('AAA016', 16, 1),
  ('AAA017', 17, 1),
  ('AAA018', 18, 1),
  ('AAA019', 19, 1),
  ('AAA020', 20, 1),
  ('AAA021', 21, 1),
  ('AAA022', 22, 1),
  ('AAA023', 23, 1),
  ('AAA024', 24, 1),
  ('AAA025', 25, 1),
  ('AAA026', 26, 1),
  ('AAA027', 27, 1),
  ('AAA028', 28, 1),
  ('AAA029', 29, 1),
  ('AAA030', 30, 1),
  ('AAA031', 31, 1),
  ('AAA032', 32, 1),
  ('AAA033', 33, 1),
  ('AAA034', 34, 1),
  ('AAA035', 35, 1),
  ('AAA036', 36, 1),
  ('AAA037', 37, 1),
  ('AAA038', 38, 1),
  ('AAA039', 39, 1),
  ('AAA040', 40, 1),
  ('AAA041', 41, 1),
  ('AAA042', 42, 1),
  ('AAA043', 43, 1),
  ('AAA044', 44, 1),
  ('AAA045', 45, 1),
  ('AAA046', 46, 1),
  ('AAA047', 47, 1),
  ('AAA048', 48, 1),
  ('AAA049', 49, 1),
  ('AAA050', 50, 1),
  ('AAA051', 1, 1),
  ('AAA052', 2, 1),
  ('AAA053', 3, 1),
  ('AAA054', 4, 1),
  ('AAA055', 5, 1),
  ('AAA056', 6, 1),
  ('AAA057', 7, 1),
  ('AAA058', 8, 1),
  ('AAA059', 9, 1),
  ('AAA060', 10, 1),
  ('AAA061', 11, 1),
  ('AAA062', 12, 1),
  ('AAA063', 13, 1),
  ('AAA064', 14, 1),
  ('AAA065', 15, 1),
  ('AAA066', 16, 1),
  ('AAA067', 17, 1),
  ('AAA068', 18, 1),
  ('AAA069', 19, 1),
  ('AAA070', 20, 1),
  ('AAA071', 21, 1),
  ('AAA072', 22, 1),
  ('AAA073', 23, 1),
  ('AAA074', 24, 1),
  ('AAA075', 25, 1),
  ('AAA076', 26, 1),
  ('AAA077', 27, 1),
  ('AAA078', 28, 1),
  ('AAA079', 29, 1),
  ('AAA080', 30, 1),
  ('AAA081', 31, 1),
  ('AAA082', 32, 1),
  ('AAA083', 33, 1),
  ('AAA084', 34, 1),
  ('AAA085', 35, 1),
  ('AAA086', 36, 1),
  ('AAA087', 37, 1),
  ('AAA088', 38, 1),
  ('AAA089', 39, 1),
  ('AAA090', 40, 1),
  ('AAA091', 41, 1),
  ('AAA092', 42, 1),
  ('AAA093', 43, 1),
  ('AAA094', 44, 1),
  ('AAA095', 45, 1),
  ('AAA096', 46, 1),
  ('AAA097', 47, 1),
  ('AAA098', 48, 1),
  ('AAA099', 49, 1),
  ('AAA100', 50, 1),
  ('AAA101', 1, 1),
  ('AAA102', 2, 1),
  ('AAA103', 3, 1),
  ('AAA104', 4, 1),
  ('AAA105', 5, 1),
  ('AAA106', 6, 1),
  ('AAA107', 7, 1),
  ('AAA108', 8, 1),
  ('AAA109', 9, 1),
  ('AAA110', 10, 1),
  ('AAA111', 11, 1),
  ('AAA112', 12, 1),
  ('AAA113', 13, 1),
  ('AAA114', 14, 1),
  ('AAA115', 15, 1),
  ('AAA116', 16, 1),
  ('AAA117', 17, 1),
  ('AAA118', 18, 1),
  ('AAA119', 19, 1),
  ('AAA120', 20, 1),
  ('AAA121', 21, 1),
  ('AAA122', 22, 1),
  ('AAA123', 23, 1),
  ('AAA124', 24, 1),
  ('AAA125', 25, 1),
  ('AAA126', 26, 1),
  ('AAA127', 27, 1),
  ('AAA128', 28, 1),
  ('AAA129', 29, 1),
  ('AAA130', 30, 1),
  ('AAA131', 31, 1),
  ('AAA132', 32, 1),
  ('AAA133', 33, 1),
  ('AAA134', 34, 1),
  ('AAA135', 35, 1),
  ('AAA136', 36, 1),
  ('AAA137', 37, 1),
  ('AAA138', 38, 1),
  ('AAA139', 39, 1),
  ('AAA140', 40, 1),
  ('AAA141', 41, 1),
  ('AAA142', 42, 1),
  ('AAA143', 43, 1),
  ('AAA144', 44, 1),
  ('AAA145', 45, 1),
  ('AAA146', 46, 1),
  ('AAA147', 47, 1),
  ('AAA148', 48, 1),
  ('AAA149', 49, 1),
  ('AAA150', 50, 1),
  ('AAA151', 1, 1),
  ('AAA152', 2, 1),
  ('AAA153', 3, 1),
  ('AAA154', 4, 1),
  ('AAA155', 5, 1),
  ('AAA156', 6, 1),
  ('AAA157', 7, 1),
  ('AAA158', 8, 1),
  ('AAA159', 9, 1),
  ('AAA160', 10, 1),
  ('AAA161', 11, 1),
  ('AAA162', 12, 1),
  ('AAA163', 13, 1),
  ('AAA164', 14, 1),
  ('AAA165', 15, 1),
  ('AAA166', 16, 1),
  ('AAA167', 17, 1),
  ('AAA168', 18, 1),
  ('AAA169', 19, 1),
  ('AAA170', 20, 1),
  ('AAA171', 21, 1),
  ('AAA172', 22, 1),
  ('AAA173', 23, 1),
  ('AAA174', 24, 1),
  ('AAA175', 25, 1),
  ('AAA176', 26, 1),
  ('AAA177', 27, 1),
  ('AAA178', 28, 1),
  ('AAA179', 29, 1),
  ('AAA180', 30, 1),
  ('AAA181', 31, 1),
  ('AAA182', 32, 1),
  ('AAA183', 33, 1),
  ('AAA184', 34, 1),
  ('AAA185', 35, 1),
  ('AAA186', 36, 1),
  ('AAA187', 37, 1),
  ('AAA188', 38, 1),
  ('AAA189', 39, 1),
  ('AAA190', 40, 1),
  ('AAA191', 41, 1),
  ('AAA192', 42, 1),
  ('AAA193', 43, 1),
  ('AAA194', 44, 1),
  ('AAA195', 45, 1),
  ('AAA196', 46, 1),
  ('AAA197', 47, 1),
  ('AAA198', 48, 1),
  ('AAA199', 49, 1),
  ('AAA200', 50, 1);

INSERT INTO INVENTORI VALUES
  ('INVENTORI001', 'MERK001', 0),
  ('INVENTORI002', 'MERK002', 0),
  ('INVENTORI003', 'MERK003', 0),
  ('INVENTORI004', 'MERK004', 0),
  ('INVENTORI005', 'MERK005', 0),
  ('INVENTORI006', 'MERK006', 0),
  ('INVENTORI007', 'MERK007', 0),
  ('INVENTORI008', 'MERK008', 0),
  ('INVENTORI009', 'MERK009', 0),
  ('INVENTORI010', 'MERK010', 0),
  ('INVENTORI011', 'MERK011', 0),
  ('INVENTORI012', 'MERK012', 0),
  ('INVENTORI013', 'MERK013', 0),
  ('INVENTORI014', 'MERK014', 0),
  ('INVENTORI015', 'MERK015', 0),
  ('INVENTORI016', 'MERK016', 0),
  ('INVENTORI017', 'MERK017', 0),
  ('INVENTORI018', 'MERK018', 0),
  ('INVENTORI019', 'MERK019', 0),
  ('INVENTORI020', 'MERK020', 0),
  ('INVENTORI021', 'MERK021', 0),
  ('INVENTORI022', 'MERK022', 0),
  ('INVENTORI023', 'MERK023', 0),
  ('INVENTORI024', 'MERK024', 0),
  ('INVENTORI025', 'MERK025', 0),
  ('INVENTORI026', 'MERK026', 0),
  ('INVENTORI027', 'MERK027', 0),
  ('INVENTORI028', 'MERK028', 0),
  ('INVENTORI029', 'MERK029', 0),
  ('INVENTORI030', 'MERK030', 0),
  ('INVENTORI031', 'MERK031', 0),
  ('INVENTORI032', 'MERK032', 0),
  ('INVENTORI033', 'MERK033', 0),
  ('INVENTORI034', 'MERK034', 0),
  ('INVENTORI035', 'MERK035', 0),
  ('INVENTORI036', 'MERK036', 0),
  ('INVENTORI037', 'MERK037', 0),
  ('INVENTORI038', 'MERK038', 0),
  ('INVENTORI039', 'MERK039', 0),
  ('INVENTORI040', 'MERK040', 0),
  ('INVENTORI041', 'MERK041', 0),
  ('INVENTORI042', 'MERK042', 0),
  ('INVENTORI043', 'MERK043', 0),
  ('INVENTORI044', 'MERK044', 0),
  ('INVENTORI045', 'MERK045', 0),
  ('INVENTORI046', 'MERK046', 0),
  ('INVENTORI047', 'MERK047', 0),
  ('INVENTORI048', 'MERK048', 0),
  ('INVENTORI049', 'MERK049', 0),
  ('INVENTORI050', 'MERK050', 0);

INSERT INTO INVENTORI_TIPE_KAMAR VALUES
  ('TIPE001', 'INVENTORI001', 'MERK001', 1),
  ('TIPE001', 'INVENTORI002', 'MERK002', 1),
  ('TIPE001', 'INVENTORI003', 'MERK003', 1),
  ('TIPE001', 'INVENTORI004', 'MERK004', 1),
  ('TIPE001', 'INVENTORI005', 'MERK005', 1),
  ('TIPE001', 'INVENTORI006', 'MERK006', 1),
  ('TIPE001', 'INVENTORI007', 'MERK007', 1),
  ('TIPE001', 'INVENTORI008', 'MERK008', 1),
  ('TIPE001', 'INVENTORI009', 'MERK009', 1),
  ('TIPE001', 'INVENTORI010', 'MERK010', 1),
  ('TIPE002', 'INVENTORI011', 'MERK011', 1),
  ('TIPE002', 'INVENTORI012', 'MERK012', 1),
  ('TIPE002', 'INVENTORI013', 'MERK013', 1),
  ('TIPE002', 'INVENTORI014', 'MERK014', 1),
  ('TIPE002', 'INVENTORI015', 'MERK015', 1),
  ('TIPE002', 'INVENTORI016', 'MERK016', 1),
  ('TIPE002', 'INVENTORI017', 'MERK017', 1),
  ('TIPE002', 'INVENTORI018', 'MERK018', 1),
  ('TIPE002', 'INVENTORI019', 'MERK019', 1),
  ('TIPE002', 'INVENTORI020', 'MERK020', 1),
  ('TIPE003', 'INVENTORI021', 'MERK021', 1),
  ('TIPE003', 'INVENTORI022', 'MERK022', 1),
  ('TIPE003', 'INVENTORI023', 'MERK023', 1),
  ('TIPE003', 'INVENTORI024', 'MERK024', 1),
  ('TIPE003', 'INVENTORI025', 'MERK025', 1),
  ('TIPE003', 'INVENTORI026', 'MERK026', 1),
  ('TIPE003', 'INVENTORI027', 'MERK027', 1),
  ('TIPE003', 'INVENTORI028', 'MERK028', 1),
  ('TIPE003', 'INVENTORI029', 'MERK029', 1),
  ('TIPE003', 'INVENTORI030', 'MERK030', 1),
  ('TIPE004', 'INVENTORI031', 'MERK031', 1),
  ('TIPE004', 'INVENTORI032', 'MERK032', 1),
  ('TIPE004', 'INVENTORI033', 'MERK033', 1),
  ('TIPE004', 'INVENTORI034', 'MERK034', 1),
  ('TIPE004', 'INVENTORI035', 'MERK035', 1),
  ('TIPE004', 'INVENTORI036', 'MERK036', 1),
  ('TIPE004', 'INVENTORI037', 'MERK037', 1),
  ('TIPE004', 'INVENTORI038', 'MERK038', 1),
  ('TIPE004', 'INVENTORI039', 'MERK039', 1),
  ('TIPE004', 'INVENTORI040', 'MERK040', 1),
  ('TIPE005', 'INVENTORI041', 'MERK041', 1),
  ('TIPE005', 'INVENTORI042', 'MERK042', 1),
  ('TIPE005', 'INVENTORI043', 'MERK043', 1),
  ('TIPE005', 'INVENTORI044', 'MERK044', 1),
  ('TIPE005', 'INVENTORI045', 'MERK045', 1),
  ('TIPE005', 'INVENTORI046', 'MERK046', 1),
  ('TIPE005', 'INVENTORI047', 'MERK047', 1),
  ('TIPE005', 'INVENTORI048', 'MERK048', 1),
  ('TIPE005', 'INVENTORI049', 'MERK049', 1),
  ('TIPE005', 'INVENTORI050', 'MERK050', 1),
  ('TIPE006', 'INVENTORI001', 'MERK001', 1),
  ('TIPE006', 'INVENTORI002', 'MERK002', 1),
  ('TIPE006', 'INVENTORI003', 'MERK003', 1),
  ('TIPE006', 'INVENTORI004', 'MERK004', 1),
  ('TIPE006', 'INVENTORI005', 'MERK005', 1),
  ('TIPE006', 'INVENTORI006', 'MERK006', 1),
  ('TIPE006', 'INVENTORI007', 'MERK007', 1),
  ('TIPE006', 'INVENTORI008', 'MERK008', 1),
  ('TIPE006', 'INVENTORI009', 'MERK009', 1),
  ('TIPE006', 'INVENTORI010', 'MERK010', 1),
  ('TIPE007', 'INVENTORI011', 'MERK011', 1),
  ('TIPE007', 'INVENTORI012', 'MERK012', 1),
  ('TIPE007', 'INVENTORI013', 'MERK013', 1),
  ('TIPE007', 'INVENTORI014', 'MERK014', 1),
  ('TIPE007', 'INVENTORI015', 'MERK015', 1),
  ('TIPE007', 'INVENTORI016', 'MERK016', 1),
  ('TIPE007', 'INVENTORI017', 'MERK017', 1),
  ('TIPE007', 'INVENTORI018', 'MERK018', 1),
  ('TIPE007', 'INVENTORI019', 'MERK019', 1),
  ('TIPE007', 'INVENTORI020', 'MERK020', 1),
  ('TIPE008', 'INVENTORI021', 'MERK021', 1),
  ('TIPE008', 'INVENTORI022', 'MERK022', 1),
  ('TIPE008', 'INVENTORI023', 'MERK023', 1),
  ('TIPE008', 'INVENTORI024', 'MERK024', 1),
  ('TIPE008', 'INVENTORI025', 'MERK025', 1),
  ('TIPE008', 'INVENTORI026', 'MERK026', 1),
  ('TIPE008', 'INVENTORI027', 'MERK027', 1),
  ('TIPE008', 'INVENTORI028', 'MERK028', 1),
  ('TIPE008', 'INVENTORI029', 'MERK029', 1),
  ('TIPE008', 'INVENTORI030', 'MERK030', 1),
  ('TIPE009', 'INVENTORI031', 'MERK031', 1),
  ('TIPE009', 'INVENTORI032', 'MERK032', 1),
  ('TIPE009', 'INVENTORI033', 'MERK033', 1),
  ('TIPE009', 'INVENTORI034', 'MERK034', 1),
  ('TIPE009', 'INVENTORI035', 'MERK035', 1),
  ('TIPE009', 'INVENTORI036', 'MERK036', 1),
  ('TIPE009', 'INVENTORI037', 'MERK037', 1),
  ('TIPE009', 'INVENTORI038', 'MERK038', 1),
  ('TIPE009', 'INVENTORI039', 'MERK039', 1),
  ('TIPE009', 'INVENTORI040', 'MERK040', 1),
  ('TIPE010', 'INVENTORI041', 'MERK041', 1),
  ('TIPE010', 'INVENTORI042', 'MERK042', 1),
  ('TIPE010', 'INVENTORI043', 'MERK043', 1),
  ('TIPE010', 'INVENTORI044', 'MERK044', 1),
  ('TIPE010', 'INVENTORI045', 'MERK045', 1),
  ('TIPE010', 'INVENTORI046', 'MERK046', 1),
  ('TIPE010', 'INVENTORI047', 'MERK047', 1),
  ('TIPE010', 'INVENTORI048', 'MERK048', 1),
  ('TIPE010', 'INVENTORI049', 'MERK049', 1),
  ('TIPE010', 'INVENTORI050', 'MERK050', 1);

INSERT INTO LAUNDRY_INVENTORI VALUES
  ('INVENTORI001', 'MERK001', '001@gmail.com', '2016-01-01 00:00:00', 1, 1, '2016-01-01 00:00:00'),
  ('INVENTORI001', 'MERK001', '002@gmail.com', '2016-01-01 00:00:00', 1, 1, '2016-01-01 00:00:00'),
  ('INVENTORI002', 'MERK002', '003@gmail.com', '2016-01-01 00:00:00', 1, 1, '2016-01-01 00:00:00'),
  ('INVENTORI002', 'MERK002', '004@gmail.com', '2016-01-01 00:00:00', 1, 1, '2016-01-01 00:00:00'),
  ('INVENTORI003', 'MERK003', '005@gmail.com', '2016-01-01 00:00:00', 1, 1, '2016-01-01 00:00:00'),
  ('INVENTORI003', 'MERK003', '006@gmail.com', '2016-01-01 00:00:00', 1, 1, '2016-01-01 00:00:00'),
  ('INVENTORI004', 'MERK004', '007@gmail.com', '2016-01-01 00:00:00', 1, 1, '2016-01-01 00:00:00'),
  ('INVENTORI004', 'MERK004', '008@gmail.com', '2016-01-01 00:00:00', 1, 1, '2016-01-01 00:00:00'),
  ('INVENTORI005', 'MERK005', '009@gmail.com', '2016-01-01 00:00:00', 1, 1, '2016-01-01 00:00:00'),
  ('INVENTORI005', 'MERK005', '010@gmail.com', '2016-01-01 00:00:00', 1, 1, '2016-01-01 00:00:00'),
  ('INVENTORI006', 'MERK006', '011@gmail.com', '2016-01-01 00:00:00', 1, 1, '2016-01-01 00:00:00'),
  ('INVENTORI006', 'MERK006', '012@gmail.com', '2016-01-01 00:00:00', 1, 1, '2016-01-01 00:00:00'),
  ('INVENTORI007', 'MERK007', '013@gmail.com', '2016-01-01 00:00:00', 1, 1, '2016-01-01 00:00:00'),
  ('INVENTORI007', 'MERK007', '014@gmail.com', '2016-01-01 00:00:00', 1, 1, '2016-01-01 00:00:00'),
  ('INVENTORI008', 'MERK008', '015@gmail.com', '2016-01-01 00:00:00', 1, 1, '2016-01-01 00:00:00'),
  ('INVENTORI008', 'MERK008', '016@gmail.com', '2016-01-01 00:00:00', 1, 1, '2016-01-01 00:00:00'),
  ('INVENTORI009', 'MERK009', '017@gmail.com', '2016-01-01 00:00:00', 1, 1, '2016-01-01 00:00:00'),
  ('INVENTORI009', 'MERK009', '018@gmail.com', '2016-01-01 00:00:00', 1, 1, '2016-01-01 00:00:00'),
  ('INVENTORI010', 'MERK010', '019@gmail.com', '2016-01-01 00:00:00', 1, 1, '2016-01-01 00:00:00'),
  ('INVENTORI010', 'MERK010', '020@gmail.com', '2016-01-01 00:00:00', 1, 1, '2016-01-01 00:00:00'),
  ('INVENTORI011', 'MERK011', '021@gmail.com', '2016-01-01 00:00:00', 1, 1, '2016-01-01 00:00:00'),
  ('INVENTORI011', 'MERK011', '022@gmail.com', '2016-01-01 00:00:00', 1, 1, '2016-01-01 00:00:00'),
  ('INVENTORI012', 'MERK012', '023@gmail.com', '2016-01-01 00:00:00', 1, 1, '2016-01-01 00:00:00'),
  ('INVENTORI012', 'MERK012', '024@gmail.com', '2016-01-01 00:00:00', 1, 1, '2016-01-01 00:00:00'),
  ('INVENTORI013', 'MERK013', '025@gmail.com', '2016-01-01 00:00:00', 1, 1, '2016-01-01 00:00:00'),
  ('INVENTORI013', 'MERK013', '001@gmail.com', '2016-01-01 00:00:00', 1, 1, '2016-01-01 00:00:00'),
  ('INVENTORI014', 'MERK014', '002@gmail.com', '2016-01-01 00:00:00', 1, 1, '2016-01-01 00:00:00'),
  ('INVENTORI014', 'MERK014', '003@gmail.com', '2016-01-01 00:00:00', 1, 1, '2016-01-01 00:00:00'),
  ('INVENTORI015', 'MERK015', '004@gmail.com', '2016-01-01 00:00:00', 1, 1, '2016-01-01 00:00:00'),
  ('INVENTORI015', 'MERK015', '005@gmail.com', '2016-01-01 00:00:00', 1, 1, '2016-01-01 00:00:00'),
  ('INVENTORI016', 'MERK016', '006@gmail.com', '2016-01-01 00:00:00', 1, 1, '2016-01-01 00:00:00'),
  ('INVENTORI016', 'MERK016', '007@gmail.com', '2016-01-01 00:00:00', 1, 1, '2016-01-01 00:00:00'),
  ('INVENTORI017', 'MERK017', '008@gmail.com', '2016-01-01 00:00:00', 1, 1, '2016-01-01 00:00:00'),
  ('INVENTORI017', 'MERK017', '009@gmail.com', '2016-01-01 00:00:00', 1, 1, '2016-01-01 00:00:00'),
  ('INVENTORI018', 'MERK018', '010@gmail.com', '2016-01-01 00:00:00', 1, 1, '2016-01-01 00:00:00'),
  ('INVENTORI018', 'MERK018', '011@gmail.com', '2016-01-01 00:00:00', 1, 1, '2016-01-01 00:00:00'),
  ('INVENTORI019', 'MERK019', '012@gmail.com', '2016-01-01 00:00:00', 1, 1, '2016-01-01 00:00:00'),
  ('INVENTORI019', 'MERK019', '013@gmail.com', '2016-01-01 00:00:00', 1, 1, '2016-01-01 00:00:00'),
  ('INVENTORI020', 'MERK020', '014@gmail.com', '2016-01-01 00:00:00', 1, 1, '2016-01-01 00:00:00'),
  ('INVENTORI020', 'MERK020', '015@gmail.com', '2016-01-01 00:00:00', 1, 1, '2016-01-01 00:00:00'),
  ('INVENTORI021', 'MERK021', '016@gmail.com', '2016-01-01 00:00:00', 1, 1, '2016-01-01 00:00:00'),
  ('INVENTORI021', 'MERK021', '017@gmail.com', '2016-01-01 00:00:00', 1, 1, '2016-01-01 00:00:00'),
  ('INVENTORI022', 'MERK022', '018@gmail.com', '2016-01-01 00:00:00', 1, 1, '2016-01-01 00:00:00'),
  ('INVENTORI022', 'MERK022', '019@gmail.com', '2016-01-01 00:00:00', 1, 1, '2016-01-01 00:00:00'),
  ('INVENTORI023', 'MERK023', '020@gmail.com', '2016-01-01 00:00:00', 1, 1, '2016-01-01 00:00:00'),
  ('INVENTORI023', 'MERK023', '021@gmail.com', '2016-01-01 00:00:00', 1, 1, '2016-01-01 00:00:00'),
  ('INVENTORI024', 'MERK024', '022@gmail.com', '2016-01-01 00:00:00', 1, 1, '2016-01-01 00:00:00'),
  ('INVENTORI024', 'MERK024', '023@gmail.com', '2016-01-01 00:00:00', 1, 1, '2016-01-01 00:00:00'),
  ('INVENTORI025', 'MERK025', '024@gmail.com', '2016-01-01 00:00:00', 1, 1, '2016-01-01 00:00:00'),
  ('INVENTORI025', 'MERK025', '025@gmail.com', '2016-01-01 00:00:00', 1, 1, '2016-01-01 00:00:00'),
  ('INVENTORI026', 'MERK026', '001@gmail.com', '2016-01-01 00:00:00', 1, 1, '2016-01-01 00:00:00'),
  ('INVENTORI026', 'MERK026', '002@gmail.com', '2016-01-01 00:00:00', 1, 1, '2016-01-01 00:00:00'),
  ('INVENTORI027', 'MERK027', '003@gmail.com', '2016-01-01 00:00:00', 1, 1, '2016-01-01 00:00:00'),
  ('INVENTORI027', 'MERK027', '004@gmail.com', '2016-01-01 00:00:00', 1, 1, '2016-01-01 00:00:00'),
  ('INVENTORI028', 'MERK028', '005@gmail.com', '2016-01-01 00:00:00', 1, 1, '2016-01-01 00:00:00'),
  ('INVENTORI028', 'MERK028', '006@gmail.com', '2016-01-01 00:00:00', 1, 1, '2016-01-01 00:00:00'),
  ('INVENTORI029', 'MERK029', '007@gmail.com', '2016-01-01 00:00:00', 1, 1, '2016-01-01 00:00:00'),
  ('INVENTORI029', 'MERK029', '008@gmail.com', '2016-01-01 00:00:00', 1, 1, '2016-01-01 00:00:00'),
  ('INVENTORI030', 'MERK030', '009@gmail.com', '2016-01-01 00:00:00', 1, 1, '2016-01-01 00:00:00'),
  ('INVENTORI030', 'MERK030', '010@gmail.com', '2016-01-01 00:00:00', 1, 1, '2016-01-01 00:00:00'),
  ('INVENTORI031', 'MERK031', '011@gmail.com', '2016-01-01 00:00:00', 1, 1, '2016-01-01 00:00:00'),
  ('INVENTORI031', 'MERK031', '012@gmail.com', '2016-01-01 00:00:00', 1, 1, '2016-01-01 00:00:00'),
  ('INVENTORI032', 'MERK032', '013@gmail.com', '2016-01-01 00:00:00', 1, 1, '2016-01-01 00:00:00'),
  ('INVENTORI032', 'MERK032', '014@gmail.com', '2016-01-01 00:00:00', 1, 1, '2016-01-01 00:00:00'),
  ('INVENTORI033', 'MERK033', '015@gmail.com', '2016-01-01 00:00:00', 1, 1, '2016-01-01 00:00:00'),
  ('INVENTORI033', 'MERK033', '016@gmail.com', '2016-01-01 00:00:00', 1, 1, '2016-01-01 00:00:00'),
  ('INVENTORI034', 'MERK034', '017@gmail.com', '2016-01-01 00:00:00', 1, 1, '2016-01-01 00:00:00'),
  ('INVENTORI034', 'MERK034', '018@gmail.com', '2016-01-01 00:00:00', 1, 1, '2016-01-01 00:00:00'),
  ('INVENTORI035', 'MERK035', '019@gmail.com', '2016-01-01 00:00:00', 1, 1, '2016-01-01 00:00:00'),
  ('INVENTORI035', 'MERK035', '020@gmail.com', '2016-01-01 00:00:00', 1, 1, '2016-01-01 00:00:00'),
  ('INVENTORI036', 'MERK036', '021@gmail.com', '2016-01-01 00:00:00', 1, 1, '2016-01-01 00:00:00'),
  ('INVENTORI036', 'MERK036', '022@gmail.com', '2016-01-01 00:00:00', 1, 1, '2016-01-01 00:00:00'),
  ('INVENTORI037', 'MERK037', '023@gmail.com', '2016-01-01 00:00:00', 1, 1, '2016-01-01 00:00:00'),
  ('INVENTORI037', 'MERK037', '024@gmail.com', '2016-01-01 00:00:00', 1, 1, '2016-01-01 00:00:00'),
  ('INVENTORI038', 'MERK038', '025@gmail.com', '2016-01-01 00:00:00', 1, 1, '2016-01-01 00:00:00'),
  ('INVENTORI038', 'MERK038', '001@gmail.com', '2016-01-01 00:00:00', 1, 1, '2016-01-01 00:00:00'),
  ('INVENTORI039', 'MERK039', '002@gmail.com', '2016-01-01 00:00:00', 1, 1, '2016-01-01 00:00:00'),
  ('INVENTORI039', 'MERK039', '003@gmail.com', '2016-01-01 00:00:00', 1, 1, '2016-01-01 00:00:00'),
  ('INVENTORI040', 'MERK040', '004@gmail.com', '2016-01-01 00:00:00', 1, 1, '2016-01-01 00:00:00'),
  ('INVENTORI040', 'MERK040', '005@gmail.com', '2016-01-01 00:00:00', 1, 1, '2016-01-01 00:00:00'),
  ('INVENTORI041', 'MERK041', '006@gmail.com', '2016-01-01 00:00:00', 1, 1, '2016-01-01 00:00:00'),
  ('INVENTORI041', 'MERK041', '007@gmail.com', '2016-01-01 00:00:00', 1, 1, '2016-01-01 00:00:00'),
  ('INVENTORI042', 'MERK042', '008@gmail.com', '2016-01-01 00:00:00', 1, 1, '2016-01-01 00:00:00'),
  ('INVENTORI042', 'MERK042', '009@gmail.com', '2016-01-01 00:00:00', 1, 1, '2016-01-01 00:00:00'),
  ('INVENTORI043', 'MERK043', '010@gmail.com', '2016-01-01 00:00:00', 1, 1, '2016-01-01 00:00:00'),
  ('INVENTORI043', 'MERK043', '011@gmail.com', '2016-01-01 00:00:00', 1, 1, '2016-01-01 00:00:00'),
  ('INVENTORI044', 'MERK044', '012@gmail.com', '2016-01-01 00:00:00', 1, 1, '2016-01-01 00:00:00'),
  ('INVENTORI044', 'MERK044', '013@gmail.com', '2016-01-01 00:00:00', 1, 1, '2016-01-01 00:00:00'),
  ('INVENTORI045', 'MERK045', '014@gmail.com', '2016-01-01 00:00:00', 1, 1, '2016-01-01 00:00:00'),
  ('INVENTORI045', 'MERK045', '015@gmail.com', '2016-01-01 00:00:00', 1, 1, '2016-01-01 00:00:00'),
  ('INVENTORI046', 'MERK046', '016@gmail.com', '2016-01-01 00:00:00', 1, 1, '2016-01-01 00:00:00'),
  ('INVENTORI046', 'MERK046', '017@gmail.com', '2016-01-01 00:00:00', 1, 1, '2016-01-01 00:00:00'),
  ('INVENTORI047', 'MERK047', '018@gmail.com', '2016-01-01 00:00:00', 1, 1, '2016-01-01 00:00:00'),
  ('INVENTORI047', 'MERK047', '019@gmail.com', '2016-01-01 00:00:00', 1, 1, '2016-01-01 00:00:00'),
  ('INVENTORI048', 'MERK048', '020@gmail.com', '2016-01-01 00:00:00', 1, 1, '2016-01-01 00:00:00'),
  ('INVENTORI048', 'MERK048', '021@gmail.com', '2016-01-01 00:00:00', 1, 1, '2016-01-01 00:00:00'),
  ('INVENTORI049', 'MERK049', '022@gmail.com', '2016-01-01 00:00:00', 1, 1, '2016-01-01 00:00:00'),
  ('INVENTORI049', 'MERK049', '023@gmail.com', '2016-01-01 00:00:00', 1, 1, '2016-01-01 00:00:00'),
  ('INVENTORI050', 'MERK050', '024@gmail.com', '2016-01-01 00:00:00', 1, 1, '2016-01-01 00:00:00'),
  ('INVENTORI050', 'MERK050', '025@gmail.com', '2016-01-01 00:00:00', 1, 1, '2016-01-01 00:00:00');

INSERT INTO SUPPLIER VALUES
  ('SUPPLIER001', 'Alamat Supplier 001', '001@supplier.com'),
  ('SUPPLIER002', 'Alamat Supplier 002', '002@supplier.com'),
  ('SUPPLIER003', 'Alamat Supplier 003', '003@supplier.com'),
  ('SUPPLIER004', 'Alamat Supplier 004', '004@supplier.com'),
  ('SUPPLIER005', 'Alamat Supplier 005', '005@supplier.com'),
  ('SUPPLIER006', 'Alamat Supplier 006', '006@supplier.com'),
  ('SUPPLIER007', 'Alamat Supplier 007', '007@supplier.com'),
  ('SUPPLIER008', 'Alamat Supplier 008', '008@supplier.com'),
  ('SUPPLIER009', 'Alamat Supplier 009', '009@supplier.com'),
  ('SUPPLIER010', 'Alamat Supplier 010', '010@supplier.com'),
  ('SUPPLIER011', 'Alamat Supplier 011', '011@supplier.com'),
  ('SUPPLIER012', 'Alamat Supplier 012', '012@supplier.com'),
  ('SUPPLIER013', 'Alamat Supplier 013', '013@supplier.com'),
  ('SUPPLIER014', 'Alamat Supplier 014', '014@supplier.com'),
  ('SUPPLIER015', 'Alamat Supplier 015', '015@supplier.com'),
  ('SUPPLIER016', 'Alamat Supplier 016', '016@supplier.com'),
  ('SUPPLIER017', 'Alamat Supplier 017', '017@supplier.com'),
  ('SUPPLIER018', 'Alamat Supplier 018', '018@supplier.com'),
  ('SUPPLIER019', 'Alamat Supplier 019', '019@supplier.com'),
  ('SUPPLIER020', 'Alamat Supplier 020', '020@supplier.com'),
  ('SUPPLIER021', 'Alamat Supplier 021', '021@supplier.com'),
  ('SUPPLIER022', 'Alamat Supplier 022', '022@supplier.com'),
  ('SUPPLIER023', 'Alamat Supplier 023', '023@supplier.com'),
  ('SUPPLIER024', 'Alamat Supplier 024', '024@supplier.com'),
  ('SUPPLIER025', 'Alamat Supplier 025', '025@supplier.com'),
  ('SUPPLIER026', 'Alamat Supplier 026', '026@supplier.com'),
  ('SUPPLIER027', 'Alamat Supplier 027', '027@supplier.com'),
  ('SUPPLIER028', 'Alamat Supplier 028', '028@supplier.com'),
  ('SUPPLIER029', 'Alamat Supplier 029', '029@supplier.com'),
  ('SUPPLIER030', 'Alamat Supplier 030', '030@supplier.com'),
  ('SUPPLIER031', 'Alamat Supplier 031', '031@supplier.com'),
  ('SUPPLIER032', 'Alamat Supplier 032', '032@supplier.com'),
  ('SUPPLIER033', 'Alamat Supplier 033', '033@supplier.com'),
  ('SUPPLIER034', 'Alamat Supplier 034', '034@supplier.com'),
  ('SUPPLIER035', 'Alamat Supplier 035', '035@supplier.com'),
  ('SUPPLIER036', 'Alamat Supplier 036', '036@supplier.com'),
  ('SUPPLIER037', 'Alamat Supplier 037', '037@supplier.com'),
  ('SUPPLIER038', 'Alamat Supplier 038', '038@supplier.com'),
  ('SUPPLIER039', 'Alamat Supplier 039', '039@supplier.com'),
  ('SUPPLIER040', 'Alamat Supplier 040', '040@supplier.com'),
  ('SUPPLIER041', 'Alamat Supplier 041', '041@supplier.com'),
  ('SUPPLIER042', 'Alamat Supplier 042', '042@supplier.com'),
  ('SUPPLIER043', 'Alamat Supplier 043', '043@supplier.com'),
  ('SUPPLIER044', 'Alamat Supplier 044', '044@supplier.com'),
  ('SUPPLIER045', 'Alamat Supplier 045', '045@supplier.com'),
  ('SUPPLIER046', 'Alamat Supplier 046', '046@supplier.com'),
  ('SUPPLIER047', 'Alamat Supplier 047', '047@supplier.com'),
  ('SUPPLIER048', 'Alamat Supplier 048', '048@supplier.com'),
  ('SUPPLIER049', 'Alamat Supplier 049', '049@supplier.com'),
  ('SUPPLIER050', 'Alamat Supplier 050', '050@supplier.com');

INSERT INTO SUPPLIER_TELEPON VALUES
  ('SUPPLIER001', '081-002-001'),
  ('SUPPLIER002', '081-002-002'),
  ('SUPPLIER003', '081-002-003'),
  ('SUPPLIER004', '081-002-004'),
  ('SUPPLIER005', '081-002-005'),
  ('SUPPLIER006', '081-002-006'),
  ('SUPPLIER007', '081-002-007'),
  ('SUPPLIER008', '081-002-008'),
  ('SUPPLIER009', '081-002-009'),
  ('SUPPLIER010', '081-002-010'),
  ('SUPPLIER011', '081-002-011'),
  ('SUPPLIER012', '081-002-012'),
  ('SUPPLIER013', '081-002-013'),
  ('SUPPLIER014', '081-002-014'),
  ('SUPPLIER015', '081-002-015'),
  ('SUPPLIER016', '081-002-016'),
  ('SUPPLIER017', '081-002-017'),
  ('SUPPLIER018', '081-002-018'),
  ('SUPPLIER019', '081-002-019'),
  ('SUPPLIER020', '081-002-020'),
  ('SUPPLIER021', '081-002-021'),
  ('SUPPLIER022', '081-002-022'),
  ('SUPPLIER023', '081-002-023'),
  ('SUPPLIER024', '081-002-024'),
  ('SUPPLIER025', '081-002-025'),
  ('SUPPLIER026', '081-002-026'),
  ('SUPPLIER027', '081-002-027'),
  ('SUPPLIER028', '081-002-028'),
  ('SUPPLIER029', '081-002-029'),
  ('SUPPLIER030', '081-002-030'),
  ('SUPPLIER031', '081-002-031'),
  ('SUPPLIER032', '081-002-032'),
  ('SUPPLIER033', '081-002-033'),
  ('SUPPLIER034', '081-002-034'),
  ('SUPPLIER035', '081-002-035'),
  ('SUPPLIER036', '081-002-036'),
  ('SUPPLIER037', '081-002-037'),
  ('SUPPLIER038', '081-002-038'),
  ('SUPPLIER039', '081-002-039'),
  ('SUPPLIER040', '081-002-040'),
  ('SUPPLIER041', '081-002-041'),
  ('SUPPLIER042', '081-002-042'),
  ('SUPPLIER043', '081-002-043'),
  ('SUPPLIER044', '081-002-044'),
  ('SUPPLIER045', '081-002-045'),
  ('SUPPLIER046', '081-002-046'),
  ('SUPPLIER047', '081-002-047'),
  ('SUPPLIER048', '081-002-048'),
  ('SUPPLIER049', '081-002-049'),
  ('SUPPLIER050', '081-002-050');

INSERT INTO PEMBELIAN VALUES
  ('NOT001', '2016-01-01 00:00:00', 'SUPPLIER001', '026@gmail.com'),
  ('NOT002', '2016-01-01 00:00:00', 'SUPPLIER002', '027@gmail.com'),
  ('NOT003', '2016-01-01 00:00:00', 'SUPPLIER003', '028@gmail.com'),
  ('NOT004', '2016-01-01 00:00:00', 'SUPPLIER004', '029@gmail.com'),
  ('NOT005', '2016-01-01 00:00:00', 'SUPPLIER005', '030@gmail.com'),
  ('NOT006', '2016-01-01 00:00:00', 'SUPPLIER006', '031@gmail.com'),
  ('NOT007', '2016-01-01 00:00:00', 'SUPPLIER007', '032@gmail.com'),
  ('NOT008', '2016-01-01 00:00:00', 'SUPPLIER008', '033@gmail.com'),
  ('NOT009', '2016-01-01 00:00:00', 'SUPPLIER009', '034@gmail.com'),
  ('NOT010', '2016-01-01 00:00:00', 'SUPPLIER010', '035@gmail.com'),
  ('NOT011', '2016-01-01 00:00:00', 'SUPPLIER011', '036@gmail.com'),
  ('NOT012', '2016-01-01 00:00:00', 'SUPPLIER012', '037@gmail.com'),
  ('NOT013', '2016-01-01 00:00:00', 'SUPPLIER013', '038@gmail.com'),
  ('NOT014', '2016-01-01 00:00:00', 'SUPPLIER014', '039@gmail.com'),
  ('NOT015', '2016-01-01 00:00:00', 'SUPPLIER015', '040@gmail.com'),
  ('NOT016', '2016-01-01 00:00:00', 'SUPPLIER016', '041@gmail.com'),
  ('NOT017', '2016-01-01 00:00:00', 'SUPPLIER017', '042@gmail.com'),
  ('NOT018', '2016-01-01 00:00:00', 'SUPPLIER018', '043@gmail.com'),
  ('NOT019', '2016-01-01 00:00:00', 'SUPPLIER019', '044@gmail.com'),
  ('NOT020', '2016-01-01 00:00:00', 'SUPPLIER020', '045@gmail.com'),
  ('NOT021', '2016-01-01 00:00:00', 'SUPPLIER021', '046@gmail.com'),
  ('NOT022', '2016-01-01 00:00:00', 'SUPPLIER022', '047@gmail.com'),
  ('NOT023', '2016-01-01 00:00:00', 'SUPPLIER023', '048@gmail.com'),
  ('NOT024', '2016-01-01 00:00:00', 'SUPPLIER024', '049@gmail.com'),
  ('NOT025', '2016-01-01 00:00:00', 'SUPPLIER025', '050@gmail.com'),
  ('NOT026', '2016-01-01 00:00:00', 'SUPPLIER026', '026@gmail.com'),
  ('NOT027', '2016-01-01 00:00:00', 'SUPPLIER027', '027@gmail.com'),
  ('NOT028', '2016-01-01 00:00:00', 'SUPPLIER028', '028@gmail.com'),
  ('NOT029', '2016-01-01 00:00:00', 'SUPPLIER029', '029@gmail.com'),
  ('NOT030', '2016-01-01 00:00:00', 'SUPPLIER030', '030@gmail.com'),
  ('NOT031', '2016-01-01 00:00:00', 'SUPPLIER031', '031@gmail.com'),
  ('NOT032', '2016-01-01 00:00:00', 'SUPPLIER032', '032@gmail.com'),
  ('NOT033', '2016-01-01 00:00:00', 'SUPPLIER033', '033@gmail.com'),
  ('NOT034', '2016-01-01 00:00:00', 'SUPPLIER034', '034@gmail.com'),
  ('NOT035', '2016-01-01 00:00:00', 'SUPPLIER035', '035@gmail.com'),
  ('NOT036', '2016-01-01 00:00:00', 'SUPPLIER036', '036@gmail.com'),
  ('NOT037', '2016-01-01 00:00:00', 'SUPPLIER037', '037@gmail.com'),
  ('NOT038', '2016-01-01 00:00:00', 'SUPPLIER038', '038@gmail.com'),
  ('NOT039', '2016-01-01 00:00:00', 'SUPPLIER039', '039@gmail.com'),
  ('NOT040', '2016-01-01 00:00:00', 'SUPPLIER040', '040@gmail.com'),
  ('NOT041', '2016-01-01 00:00:00', 'SUPPLIER041', '041@gmail.com'),
  ('NOT042', '2016-01-01 00:00:00', 'SUPPLIER042', '042@gmail.com'),
  ('NOT043', '2016-01-01 00:00:00', 'SUPPLIER043', '043@gmail.com'),
  ('NOT044', '2016-01-01 00:00:00', 'SUPPLIER044', '044@gmail.com'),
  ('NOT045', '2016-01-01 00:00:00', 'SUPPLIER045', '045@gmail.com'),
  ('NOT046', '2016-01-01 00:00:00', 'SUPPLIER046', '046@gmail.com'),
  ('NOT047', '2016-01-01 00:00:00', 'SUPPLIER047', '047@gmail.com'),
  ('NOT048', '2016-01-01 00:00:00', 'SUPPLIER048', '048@gmail.com'),
  ('NOT049', '2016-01-01 00:00:00', 'SUPPLIER049', '049@gmail.com'),
  ('NOT050', '2016-01-01 00:00:00', 'SUPPLIER050', '050@gmail.com'),
  ('NOT051', '2016-01-01 00:00:00', 'SUPPLIER001', '026@gmail.com'),
  ('NOT052', '2016-01-01 00:00:00', 'SUPPLIER002', '027@gmail.com'),
  ('NOT053', '2016-01-01 00:00:00', 'SUPPLIER003', '028@gmail.com'),
  ('NOT054', '2016-01-01 00:00:00', 'SUPPLIER004', '029@gmail.com'),
  ('NOT055', '2016-01-01 00:00:00', 'SUPPLIER005', '030@gmail.com'),
  ('NOT056', '2016-01-01 00:00:00', 'SUPPLIER006', '031@gmail.com'),
  ('NOT057', '2016-01-01 00:00:00', 'SUPPLIER007', '032@gmail.com'),
  ('NOT058', '2016-01-01 00:00:00', 'SUPPLIER008', '033@gmail.com'),
  ('NOT059', '2016-01-01 00:00:00', 'SUPPLIER009', '034@gmail.com'),
  ('NOT060', '2016-01-01 00:00:00', 'SUPPLIER010', '035@gmail.com'),
  ('NOT061', '2016-01-01 00:00:00', 'SUPPLIER011', '036@gmail.com'),
  ('NOT062', '2016-01-01 00:00:00', 'SUPPLIER012', '037@gmail.com'),
  ('NOT063', '2016-01-01 00:00:00', 'SUPPLIER013', '038@gmail.com'),
  ('NOT064', '2016-01-01 00:00:00', 'SUPPLIER014', '039@gmail.com'),
  ('NOT065', '2016-01-01 00:00:00', 'SUPPLIER015', '040@gmail.com'),
  ('NOT066', '2016-01-01 00:00:00', 'SUPPLIER016', '041@gmail.com'),
  ('NOT067', '2016-01-01 00:00:00', 'SUPPLIER017', '042@gmail.com'),
  ('NOT068', '2016-01-01 00:00:00', 'SUPPLIER018', '043@gmail.com'),
  ('NOT069', '2016-01-01 00:00:00', 'SUPPLIER019', '044@gmail.com'),
  ('NOT070', '2016-01-01 00:00:00', 'SUPPLIER020', '045@gmail.com'),
  ('NOT071', '2016-01-01 00:00:00', 'SUPPLIER021', '046@gmail.com'),
  ('NOT072', '2016-01-01 00:00:00', 'SUPPLIER022', '047@gmail.com'),
  ('NOT073', '2016-01-01 00:00:00', 'SUPPLIER023', '048@gmail.com'),
  ('NOT074', '2016-01-01 00:00:00', 'SUPPLIER024', '049@gmail.com'),
  ('NOT075', '2016-01-01 00:00:00', 'SUPPLIER025', '050@gmail.com'),
  ('NOT076', '2016-01-01 00:00:00', 'SUPPLIER026', '026@gmail.com'),
  ('NOT077', '2016-01-01 00:00:00', 'SUPPLIER027', '027@gmail.com'),
  ('NOT078', '2016-01-01 00:00:00', 'SUPPLIER028', '028@gmail.com'),
  ('NOT079', '2016-01-01 00:00:00', 'SUPPLIER029', '029@gmail.com'),
  ('NOT080', '2016-01-01 00:00:00', 'SUPPLIER030', '030@gmail.com'),
  ('NOT081', '2016-01-01 00:00:00', 'SUPPLIER031', '031@gmail.com'),
  ('NOT082', '2016-01-01 00:00:00', 'SUPPLIER032', '032@gmail.com'),
  ('NOT083', '2016-01-01 00:00:00', 'SUPPLIER033', '033@gmail.com'),
  ('NOT084', '2016-01-01 00:00:00', 'SUPPLIER034', '034@gmail.com'),
  ('NOT085', '2016-01-01 00:00:00', 'SUPPLIER035', '035@gmail.com'),
  ('NOT086', '2016-01-01 00:00:00', 'SUPPLIER036', '036@gmail.com'),
  ('NOT087', '2016-01-01 00:00:00', 'SUPPLIER037', '037@gmail.com'),
  ('NOT088', '2016-01-01 00:00:00', 'SUPPLIER038', '038@gmail.com'),
  ('NOT089', '2016-01-01 00:00:00', 'SUPPLIER039', '039@gmail.com'),
  ('NOT090', '2016-01-01 00:00:00', 'SUPPLIER040', '040@gmail.com'),
  ('NOT091', '2016-01-01 00:00:00', 'SUPPLIER041', '041@gmail.com'),
  ('NOT092', '2016-01-01 00:00:00', 'SUPPLIER042', '042@gmail.com'),
  ('NOT093', '2016-01-01 00:00:00', 'SUPPLIER043', '043@gmail.com'),
  ('NOT094', '2016-01-01 00:00:00', 'SUPPLIER044', '044@gmail.com'),
  ('NOT095', '2016-01-01 00:00:00', 'SUPPLIER045', '045@gmail.com'),
  ('NOT096', '2016-01-01 00:00:00', 'SUPPLIER046', '046@gmail.com'),
  ('NOT097', '2016-01-01 00:00:00', 'SUPPLIER047', '047@gmail.com'),
  ('NOT098', '2016-01-01 00:00:00', 'SUPPLIER048', '048@gmail.com'),
  ('NOT099', '2016-01-01 00:00:00', 'SUPPLIER049', '049@gmail.com'),
  ('NOT100', '2016-01-01 00:00:00', 'SUPPLIER050', '050@gmail.com'),
  ('NOT101', '2016-01-01 00:00:00', 'SUPPLIER001', '026@gmail.com'),
  ('NOT102', '2016-01-01 00:00:00', 'SUPPLIER002', '027@gmail.com'),
  ('NOT103', '2016-01-01 00:00:00', 'SUPPLIER003', '028@gmail.com'),
  ('NOT104', '2016-01-01 00:00:00', 'SUPPLIER004', '029@gmail.com'),
  ('NOT105', '2016-01-01 00:00:00', 'SUPPLIER005', '030@gmail.com'),
  ('NOT106', '2016-01-01 00:00:00', 'SUPPLIER006', '031@gmail.com'),
  ('NOT107', '2016-01-01 00:00:00', 'SUPPLIER007', '032@gmail.com'),
  ('NOT108', '2016-01-01 00:00:00', 'SUPPLIER008', '033@gmail.com'),
  ('NOT109', '2016-01-01 00:00:00', 'SUPPLIER009', '034@gmail.com'),
  ('NOT110', '2016-01-01 00:00:00', 'SUPPLIER010', '035@gmail.com'),
  ('NOT111', '2016-01-01 00:00:00', 'SUPPLIER011', '036@gmail.com'),
  ('NOT112', '2016-01-01 00:00:00', 'SUPPLIER012', '037@gmail.com'),
  ('NOT113', '2016-01-01 00:00:00', 'SUPPLIER013', '038@gmail.com'),
  ('NOT114', '2016-01-01 00:00:00', 'SUPPLIER014', '039@gmail.com'),
  ('NOT115', '2016-01-01 00:00:00', 'SUPPLIER015', '040@gmail.com'),
  ('NOT116', '2016-01-01 00:00:00', 'SUPPLIER016', '041@gmail.com'),
  ('NOT117', '2016-01-01 00:00:00', 'SUPPLIER017', '042@gmail.com'),
  ('NOT118', '2016-01-01 00:00:00', 'SUPPLIER018', '043@gmail.com'),
  ('NOT119', '2016-01-01 00:00:00', 'SUPPLIER019', '044@gmail.com'),
  ('NOT120', '2016-01-01 00:00:00', 'SUPPLIER020', '045@gmail.com'),
  ('NOT121', '2016-01-01 00:00:00', 'SUPPLIER021', '046@gmail.com'),
  ('NOT122', '2016-01-01 00:00:00', 'SUPPLIER022', '047@gmail.com'),
  ('NOT123', '2016-01-01 00:00:00', 'SUPPLIER023', '048@gmail.com'),
  ('NOT124', '2016-01-01 00:00:00', 'SUPPLIER024', '049@gmail.com'),
  ('NOT125', '2016-01-01 00:00:00', 'SUPPLIER025', '050@gmail.com'),
  ('NOT126', '2016-01-01 00:00:00', 'SUPPLIER026', '026@gmail.com'),
  ('NOT127', '2016-01-01 00:00:00', 'SUPPLIER027', '027@gmail.com'),
  ('NOT128', '2016-01-01 00:00:00', 'SUPPLIER028', '028@gmail.com'),
  ('NOT129', '2016-01-01 00:00:00', 'SUPPLIER029', '029@gmail.com'),
  ('NOT130', '2016-01-01 00:00:00', 'SUPPLIER030', '030@gmail.com'),
  ('NOT131', '2016-01-01 00:00:00', 'SUPPLIER031', '031@gmail.com'),
  ('NOT132', '2016-01-01 00:00:00', 'SUPPLIER032', '032@gmail.com'),
  ('NOT133', '2016-01-01 00:00:00', 'SUPPLIER033', '033@gmail.com'),
  ('NOT134', '2016-01-01 00:00:00', 'SUPPLIER034', '034@gmail.com'),
  ('NOT135', '2016-01-01 00:00:00', 'SUPPLIER035', '035@gmail.com'),
  ('NOT136', '2016-01-01 00:00:00', 'SUPPLIER036', '036@gmail.com'),
  ('NOT137', '2016-01-01 00:00:00', 'SUPPLIER037', '037@gmail.com'),
  ('NOT138', '2016-01-01 00:00:00', 'SUPPLIER038', '038@gmail.com'),
  ('NOT139', '2016-01-01 00:00:00', 'SUPPLIER039', '039@gmail.com'),
  ('NOT140', '2016-01-01 00:00:00', 'SUPPLIER040', '040@gmail.com'),
  ('NOT141', '2016-01-01 00:00:00', 'SUPPLIER041', '041@gmail.com'),
  ('NOT142', '2016-01-01 00:00:00', 'SUPPLIER042', '042@gmail.com'),
  ('NOT143', '2016-01-01 00:00:00', 'SUPPLIER043', '043@gmail.com'),
  ('NOT144', '2016-01-01 00:00:00', 'SUPPLIER044', '044@gmail.com'),
  ('NOT145', '2016-01-01 00:00:00', 'SUPPLIER045', '045@gmail.com'),
  ('NOT146', '2016-01-01 00:00:00', 'SUPPLIER046', '046@gmail.com'),
  ('NOT147', '2016-01-01 00:00:00', 'SUPPLIER047', '047@gmail.com'),
  ('NOT148', '2016-01-01 00:00:00', 'SUPPLIER048', '048@gmail.com'),
  ('NOT149', '2016-01-01 00:00:00', 'SUPPLIER049', '049@gmail.com'),
  ('NOT150', '2016-01-01 00:00:00', 'SUPPLIER050', '050@gmail.com'),
  ('NOT151', '2016-01-01 00:00:00', 'SUPPLIER001', '026@gmail.com'),
  ('NOT152', '2016-01-01 00:00:00', 'SUPPLIER002', '027@gmail.com'),
  ('NOT153', '2016-01-01 00:00:00', 'SUPPLIER003', '028@gmail.com'),
  ('NOT154', '2016-01-01 00:00:00', 'SUPPLIER004', '029@gmail.com'),
  ('NOT155', '2016-01-01 00:00:00', 'SUPPLIER005', '030@gmail.com'),
  ('NOT156', '2016-01-01 00:00:00', 'SUPPLIER006', '031@gmail.com'),
  ('NOT157', '2016-01-01 00:00:00', 'SUPPLIER007', '032@gmail.com'),
  ('NOT158', '2016-01-01 00:00:00', 'SUPPLIER008', '033@gmail.com'),
  ('NOT159', '2016-01-01 00:00:00', 'SUPPLIER009', '034@gmail.com'),
  ('NOT160', '2016-01-01 00:00:00', 'SUPPLIER010', '035@gmail.com'),
  ('NOT161', '2016-01-01 00:00:00', 'SUPPLIER011', '036@gmail.com'),
  ('NOT162', '2016-01-01 00:00:00', 'SUPPLIER012', '037@gmail.com'),
  ('NOT163', '2016-01-01 00:00:00', 'SUPPLIER013', '038@gmail.com'),
  ('NOT164', '2016-01-01 00:00:00', 'SUPPLIER014', '039@gmail.com'),
  ('NOT165', '2016-01-01 00:00:00', 'SUPPLIER015', '040@gmail.com'),
  ('NOT166', '2016-01-01 00:00:00', 'SUPPLIER016', '041@gmail.com'),
  ('NOT167', '2016-01-01 00:00:00', 'SUPPLIER017', '042@gmail.com'),
  ('NOT168', '2016-01-01 00:00:00', 'SUPPLIER018', '043@gmail.com'),
  ('NOT169', '2016-01-01 00:00:00', 'SUPPLIER019', '044@gmail.com'),
  ('NOT170', '2016-01-01 00:00:00', 'SUPPLIER020', '045@gmail.com'),
  ('NOT171', '2016-01-01 00:00:00', 'SUPPLIER021', '046@gmail.com'),
  ('NOT172', '2016-01-01 00:00:00', 'SUPPLIER022', '047@gmail.com'),
  ('NOT173', '2016-01-01 00:00:00', 'SUPPLIER023', '048@gmail.com'),
  ('NOT174', '2016-01-01 00:00:00', 'SUPPLIER024', '049@gmail.com'),
  ('NOT175', '2016-01-01 00:00:00', 'SUPPLIER025', '050@gmail.com'),
  ('NOT176', '2016-01-01 00:00:00', 'SUPPLIER026', '026@gmail.com'),
  ('NOT177', '2016-01-01 00:00:00', 'SUPPLIER027', '027@gmail.com'),
  ('NOT178', '2016-01-01 00:00:00', 'SUPPLIER028', '028@gmail.com'),
  ('NOT179', '2016-01-01 00:00:00', 'SUPPLIER029', '029@gmail.com'),
  ('NOT180', '2016-01-01 00:00:00', 'SUPPLIER030', '030@gmail.com'),
  ('NOT181', '2016-01-01 00:00:00', 'SUPPLIER031', '031@gmail.com'),
  ('NOT182', '2016-01-01 00:00:00', 'SUPPLIER032', '032@gmail.com'),
  ('NOT183', '2016-01-01 00:00:00', 'SUPPLIER033', '033@gmail.com'),
  ('NOT184', '2016-01-01 00:00:00', 'SUPPLIER034', '034@gmail.com'),
  ('NOT185', '2016-01-01 00:00:00', 'SUPPLIER035', '035@gmail.com'),
  ('NOT186', '2016-01-01 00:00:00', 'SUPPLIER036', '036@gmail.com'),
  ('NOT187', '2016-01-01 00:00:00', 'SUPPLIER037', '037@gmail.com'),
  ('NOT188', '2016-01-01 00:00:00', 'SUPPLIER038', '038@gmail.com'),
  ('NOT189', '2016-01-01 00:00:00', 'SUPPLIER039', '039@gmail.com'),
  ('NOT190', '2016-01-01 00:00:00', 'SUPPLIER040', '040@gmail.com'),
  ('NOT191', '2016-01-01 00:00:00', 'SUPPLIER041', '041@gmail.com'),
  ('NOT192', '2016-01-01 00:00:00', 'SUPPLIER042', '042@gmail.com'),
  ('NOT193', '2016-01-01 00:00:00', 'SUPPLIER043', '043@gmail.com'),
  ('NOT194', '2016-01-01 00:00:00', 'SUPPLIER044', '044@gmail.com'),
  ('NOT195', '2016-01-01 00:00:00', 'SUPPLIER045', '045@gmail.com'),
  ('NOT196', '2016-01-01 00:00:00', 'SUPPLIER046', '046@gmail.com'),
  ('NOT197', '2016-01-01 00:00:00', 'SUPPLIER047', '047@gmail.com'),
  ('NOT198', '2016-01-01 00:00:00', 'SUPPLIER048', '048@gmail.com'),
  ('NOT199', '2016-01-01 00:00:00', 'SUPPLIER049', '049@gmail.com'),
  ('NOT200', '2016-01-01 00:00:00', 'SUPPLIER050', '050@gmail.com'),
  ('NOT201', '2016-01-01 00:00:00', 'SUPPLIER001', '026@gmail.com'),
  ('NOT202', '2016-01-01 00:00:00', 'SUPPLIER002', '027@gmail.com'),
  ('NOT203', '2016-01-01 00:00:00', 'SUPPLIER003', '028@gmail.com'),
  ('NOT204', '2016-01-01 00:00:00', 'SUPPLIER004', '029@gmail.com'),
  ('NOT205', '2016-01-01 00:00:00', 'SUPPLIER005', '030@gmail.com'),
  ('NOT206', '2016-01-01 00:00:00', 'SUPPLIER006', '031@gmail.com'),
  ('NOT207', '2016-01-01 00:00:00', 'SUPPLIER007', '032@gmail.com'),
  ('NOT208', '2016-01-01 00:00:00', 'SUPPLIER008', '033@gmail.com'),
  ('NOT209', '2016-01-01 00:00:00', 'SUPPLIER009', '034@gmail.com'),
  ('NOT210', '2016-01-01 00:00:00', 'SUPPLIER010', '035@gmail.com'),
  ('NOT211', '2016-01-01 00:00:00', 'SUPPLIER011', '036@gmail.com'),
  ('NOT212', '2016-01-01 00:00:00', 'SUPPLIER012', '037@gmail.com'),
  ('NOT213', '2016-01-01 00:00:00', 'SUPPLIER013', '038@gmail.com'),
  ('NOT214', '2016-01-01 00:00:00', 'SUPPLIER014', '039@gmail.com'),
  ('NOT215', '2016-01-01 00:00:00', 'SUPPLIER015', '040@gmail.com'),
  ('NOT216', '2016-01-01 00:00:00', 'SUPPLIER016', '041@gmail.com'),
  ('NOT217', '2016-01-01 00:00:00', 'SUPPLIER017', '042@gmail.com'),
  ('NOT218', '2016-01-01 00:00:00', 'SUPPLIER018', '043@gmail.com'),
  ('NOT219', '2016-01-01 00:00:00', 'SUPPLIER019', '044@gmail.com'),
  ('NOT220', '2016-01-01 00:00:00', 'SUPPLIER020', '045@gmail.com'),
  ('NOT221', '2016-01-01 00:00:00', 'SUPPLIER021', '046@gmail.com'),
  ('NOT222', '2016-01-01 00:00:00', 'SUPPLIER022', '047@gmail.com'),
  ('NOT223', '2016-01-01 00:00:00', 'SUPPLIER023', '048@gmail.com'),
  ('NOT224', '2016-01-01 00:00:00', 'SUPPLIER024', '049@gmail.com'),
  ('NOT225', '2016-01-01 00:00:00', 'SUPPLIER025', '050@gmail.com'),
  ('NOT226', '2016-01-01 00:00:00', 'SUPPLIER026', '026@gmail.com'),
  ('NOT227', '2016-01-01 00:00:00', 'SUPPLIER027', '027@gmail.com'),
  ('NOT228', '2016-01-01 00:00:00', 'SUPPLIER028', '028@gmail.com'),
  ('NOT229', '2016-01-01 00:00:00', 'SUPPLIER029', '029@gmail.com'),
  ('NOT230', '2016-01-01 00:00:00', 'SUPPLIER030', '030@gmail.com'),
  ('NOT231', '2016-01-01 00:00:00', 'SUPPLIER031', '031@gmail.com'),
  ('NOT232', '2016-01-01 00:00:00', 'SUPPLIER032', '032@gmail.com'),
  ('NOT233', '2016-01-01 00:00:00', 'SUPPLIER033', '033@gmail.com'),
  ('NOT234', '2016-01-01 00:00:00', 'SUPPLIER034', '034@gmail.com'),
  ('NOT235', '2016-01-01 00:00:00', 'SUPPLIER035', '035@gmail.com'),
  ('NOT236', '2016-01-01 00:00:00', 'SUPPLIER036', '036@gmail.com'),
  ('NOT237', '2016-01-01 00:00:00', 'SUPPLIER037', '037@gmail.com'),
  ('NOT238', '2016-01-01 00:00:00', 'SUPPLIER038', '038@gmail.com'),
  ('NOT239', '2016-01-01 00:00:00', 'SUPPLIER039', '039@gmail.com'),
  ('NOT240', '2016-01-01 00:00:00', 'SUPPLIER040', '040@gmail.com'),
  ('NOT241', '2016-01-01 00:00:00', 'SUPPLIER041', '041@gmail.com'),
  ('NOT242', '2016-01-01 00:00:00', 'SUPPLIER042', '042@gmail.com'),
  ('NOT243', '2016-01-01 00:00:00', 'SUPPLIER043', '043@gmail.com'),
  ('NOT244', '2016-01-01 00:00:00', 'SUPPLIER044', '044@gmail.com'),
  ('NOT245', '2016-01-01 00:00:00', 'SUPPLIER045', '045@gmail.com'),
  ('NOT246', '2016-01-01 00:00:00', 'SUPPLIER046', '046@gmail.com'),
  ('NOT247', '2016-01-01 00:00:00', 'SUPPLIER047', '047@gmail.com'),
  ('NOT248', '2016-01-01 00:00:00', 'SUPPLIER048', '048@gmail.com'),
  ('NOT249', '2016-01-01 00:00:00', 'SUPPLIER049', '049@gmail.com'),
  ('NOT250', '2016-01-01 00:00:00', 'SUPPLIER050', '050@gmail.com');

INSERT INTO PEMBELIAN_INVENTORI VALUES
  ('NOT001', 'INVENTORI001', 'MERK001', 1, 1),
  ('NOT001', 'INVENTORI002', 'MERK002', 1, 1),
  ('NOT002', 'INVENTORI003', 'MERK003', 1, 1),
  ('NOT002', 'INVENTORI004', 'MERK004', 1, 1),
  ('NOT003', 'INVENTORI005', 'MERK005', 1, 1),
  ('NOT003', 'INVENTORI006', 'MERK006', 1, 1),
  ('NOT004', 'INVENTORI007', 'MERK007', 1, 1),
  ('NOT004', 'INVENTORI008', 'MERK008', 1, 1),
  ('NOT005', 'INVENTORI009', 'MERK009', 1, 1),
  ('NOT005', 'INVENTORI010', 'MERK010', 1, 1),
  ('NOT006', 'INVENTORI011', 'MERK011', 1, 1),
  ('NOT006', 'INVENTORI012', 'MERK012', 1, 1),
  ('NOT007', 'INVENTORI013', 'MERK013', 1, 1),
  ('NOT007', 'INVENTORI014', 'MERK014', 1, 1),
  ('NOT008', 'INVENTORI015', 'MERK015', 1, 1),
  ('NOT008', 'INVENTORI016', 'MERK016', 1, 1),
  ('NOT009', 'INVENTORI017', 'MERK017', 1, 1),
  ('NOT009', 'INVENTORI018', 'MERK018', 1, 1),
  ('NOT010', 'INVENTORI019', 'MERK019', 1, 1),
  ('NOT010', 'INVENTORI020', 'MERK020', 1, 1),
  ('NOT011', 'INVENTORI021', 'MERK021', 1, 1),
  ('NOT011', 'INVENTORI022', 'MERK022', 1, 1),
  ('NOT012', 'INVENTORI023', 'MERK023', 1, 1),
  ('NOT012', 'INVENTORI024', 'MERK024', 1, 1),
  ('NOT013', 'INVENTORI025', 'MERK025', 1, 1),
  ('NOT013', 'INVENTORI026', 'MERK026', 1, 1),
  ('NOT014', 'INVENTORI027', 'MERK027', 1, 1),
  ('NOT014', 'INVENTORI028', 'MERK028', 1, 1),
  ('NOT015', 'INVENTORI029', 'MERK029', 1, 1),
  ('NOT015', 'INVENTORI030', 'MERK030', 1, 1),
  ('NOT016', 'INVENTORI031', 'MERK031', 1, 1),
  ('NOT016', 'INVENTORI032', 'MERK032', 1, 1),
  ('NOT017', 'INVENTORI033', 'MERK033', 1, 1),
  ('NOT017', 'INVENTORI034', 'MERK034', 1, 1),
  ('NOT018', 'INVENTORI035', 'MERK035', 1, 1),
  ('NOT018', 'INVENTORI036', 'MERK036', 1, 1),
  ('NOT019', 'INVENTORI037', 'MERK037', 1, 1),
  ('NOT019', 'INVENTORI038', 'MERK038', 1, 1),
  ('NOT020', 'INVENTORI039', 'MERK039', 1, 1),
  ('NOT020', 'INVENTORI040', 'MERK040', 1, 1),
  ('NOT021', 'INVENTORI041', 'MERK041', 1, 1),
  ('NOT021', 'INVENTORI042', 'MERK042', 1, 1),
  ('NOT022', 'INVENTORI043', 'MERK043', 1, 1),
  ('NOT022', 'INVENTORI044', 'MERK044', 1, 1),
  ('NOT023', 'INVENTORI045', 'MERK045', 1, 1),
  ('NOT023', 'INVENTORI046', 'MERK046', 1, 1),
  ('NOT024', 'INVENTORI047', 'MERK047', 1, 1),
  ('NOT024', 'INVENTORI048', 'MERK048', 1, 1),
  ('NOT025', 'INVENTORI049', 'MERK049', 1, 1),
  ('NOT025', 'INVENTORI050', 'MERK050', 1, 1),
  ('NOT026', 'INVENTORI001', 'MERK001', 1, 1),
  ('NOT026', 'INVENTORI002', 'MERK002', 1, 1),
  ('NOT027', 'INVENTORI003', 'MERK003', 1, 1),
  ('NOT027', 'INVENTORI004', 'MERK004', 1, 1),
  ('NOT028', 'INVENTORI005', 'MERK005', 1, 1),
  ('NOT028', 'INVENTORI006', 'MERK006', 1, 1),
  ('NOT029', 'INVENTORI007', 'MERK007', 1, 1),
  ('NOT029', 'INVENTORI008', 'MERK008', 1, 1),
  ('NOT030', 'INVENTORI009', 'MERK009', 1, 1),
  ('NOT030', 'INVENTORI010', 'MERK010', 1, 1),
  ('NOT031', 'INVENTORI011', 'MERK011', 1, 1),
  ('NOT031', 'INVENTORI012', 'MERK012', 1, 1),
  ('NOT032', 'INVENTORI013', 'MERK013', 1, 1),
  ('NOT032', 'INVENTORI014', 'MERK014', 1, 1),
  ('NOT033', 'INVENTORI015', 'MERK015', 1, 1),
  ('NOT033', 'INVENTORI016', 'MERK016', 1, 1),
  ('NOT034', 'INVENTORI017', 'MERK017', 1, 1),
  ('NOT034', 'INVENTORI018', 'MERK018', 1, 1),
  ('NOT035', 'INVENTORI019', 'MERK019', 1, 1),
  ('NOT035', 'INVENTORI020', 'MERK020', 1, 1),
  ('NOT036', 'INVENTORI021', 'MERK021', 1, 1),
  ('NOT036', 'INVENTORI022', 'MERK022', 1, 1),
  ('NOT037', 'INVENTORI023', 'MERK023', 1, 1),
  ('NOT037', 'INVENTORI024', 'MERK024', 1, 1),
  ('NOT038', 'INVENTORI025', 'MERK025', 1, 1),
  ('NOT038', 'INVENTORI026', 'MERK026', 1, 1),
  ('NOT039', 'INVENTORI027', 'MERK027', 1, 1),
  ('NOT039', 'INVENTORI028', 'MERK028', 1, 1),
  ('NOT040', 'INVENTORI029', 'MERK029', 1, 1),
  ('NOT040', 'INVENTORI030', 'MERK030', 1, 1),
  ('NOT041', 'INVENTORI031', 'MERK031', 1, 1),
  ('NOT041', 'INVENTORI032', 'MERK032', 1, 1),
  ('NOT042', 'INVENTORI033', 'MERK033', 1, 1),
  ('NOT042', 'INVENTORI034', 'MERK034', 1, 1),
  ('NOT043', 'INVENTORI035', 'MERK035', 1, 1),
  ('NOT043', 'INVENTORI036', 'MERK036', 1, 1),
  ('NOT044', 'INVENTORI037', 'MERK037', 1, 1),
  ('NOT044', 'INVENTORI038', 'MERK038', 1, 1),
  ('NOT045', 'INVENTORI039', 'MERK039', 1, 1),
  ('NOT045', 'INVENTORI040', 'MERK040', 1, 1),
  ('NOT046', 'INVENTORI041', 'MERK041', 1, 1),
  ('NOT046', 'INVENTORI042', 'MERK042', 1, 1),
  ('NOT047', 'INVENTORI043', 'MERK043', 1, 1),
  ('NOT047', 'INVENTORI044', 'MERK044', 1, 1),
  ('NOT048', 'INVENTORI045', 'MERK045', 1, 1),
  ('NOT048', 'INVENTORI046', 'MERK046', 1, 1),
  ('NOT049', 'INVENTORI047', 'MERK047', 1, 1),
  ('NOT049', 'INVENTORI048', 'MERK048', 1, 1),
  ('NOT050', 'INVENTORI049', 'MERK049', 1, 1),
  ('NOT050', 'INVENTORI050', 'MERK050', 1, 1),
  ('NOT051', 'INVENTORI001', 'MERK001', 1, 1),
  ('NOT051', 'INVENTORI002', 'MERK002', 1, 1),
  ('NOT052', 'INVENTORI003', 'MERK003', 1, 1),
  ('NOT052', 'INVENTORI004', 'MERK004', 1, 1),
  ('NOT053', 'INVENTORI005', 'MERK005', 1, 1),
  ('NOT053', 'INVENTORI006', 'MERK006', 1, 1),
  ('NOT054', 'INVENTORI007', 'MERK007', 1, 1),
  ('NOT054', 'INVENTORI008', 'MERK008', 1, 1),
  ('NOT055', 'INVENTORI009', 'MERK009', 1, 1),
  ('NOT055', 'INVENTORI010', 'MERK010', 1, 1),
  ('NOT056', 'INVENTORI011', 'MERK011', 1, 1),
  ('NOT056', 'INVENTORI012', 'MERK012', 1, 1),
  ('NOT057', 'INVENTORI013', 'MERK013', 1, 1),
  ('NOT057', 'INVENTORI014', 'MERK014', 1, 1),
  ('NOT058', 'INVENTORI015', 'MERK015', 1, 1),
  ('NOT058', 'INVENTORI016', 'MERK016', 1, 1),
  ('NOT059', 'INVENTORI017', 'MERK017', 1, 1),
  ('NOT059', 'INVENTORI018', 'MERK018', 1, 1),
  ('NOT060', 'INVENTORI019', 'MERK019', 1, 1),
  ('NOT060', 'INVENTORI020', 'MERK020', 1, 1),
  ('NOT061', 'INVENTORI021', 'MERK021', 1, 1),
  ('NOT061', 'INVENTORI022', 'MERK022', 1, 1),
  ('NOT062', 'INVENTORI023', 'MERK023', 1, 1),
  ('NOT062', 'INVENTORI024', 'MERK024', 1, 1),
  ('NOT063', 'INVENTORI025', 'MERK025', 1, 1),
  ('NOT063', 'INVENTORI026', 'MERK026', 1, 1),
  ('NOT064', 'INVENTORI027', 'MERK027', 1, 1),
  ('NOT064', 'INVENTORI028', 'MERK028', 1, 1),
  ('NOT065', 'INVENTORI029', 'MERK029', 1, 1),
  ('NOT065', 'INVENTORI030', 'MERK030', 1, 1),
  ('NOT066', 'INVENTORI031', 'MERK031', 1, 1),
  ('NOT066', 'INVENTORI032', 'MERK032', 1, 1),
  ('NOT067', 'INVENTORI033', 'MERK033', 1, 1),
  ('NOT067', 'INVENTORI034', 'MERK034', 1, 1),
  ('NOT068', 'INVENTORI035', 'MERK035', 1, 1),
  ('NOT068', 'INVENTORI036', 'MERK036', 1, 1),
  ('NOT069', 'INVENTORI037', 'MERK037', 1, 1),
  ('NOT069', 'INVENTORI038', 'MERK038', 1, 1),
  ('NOT070', 'INVENTORI039', 'MERK039', 1, 1),
  ('NOT070', 'INVENTORI040', 'MERK040', 1, 1),
  ('NOT071', 'INVENTORI041', 'MERK041', 1, 1),
  ('NOT071', 'INVENTORI042', 'MERK042', 1, 1),
  ('NOT072', 'INVENTORI043', 'MERK043', 1, 1),
  ('NOT072', 'INVENTORI044', 'MERK044', 1, 1),
  ('NOT073', 'INVENTORI045', 'MERK045', 1, 1),
  ('NOT073', 'INVENTORI046', 'MERK046', 1, 1),
  ('NOT074', 'INVENTORI047', 'MERK047', 1, 1),
  ('NOT074', 'INVENTORI048', 'MERK048', 1, 1),
  ('NOT075', 'INVENTORI049', 'MERK049', 1, 1),
  ('NOT075', 'INVENTORI050', 'MERK050', 1, 1),
  ('NOT076', 'INVENTORI001', 'MERK001', 1, 1),
  ('NOT076', 'INVENTORI002', 'MERK002', 1, 1),
  ('NOT077', 'INVENTORI003', 'MERK003', 1, 1),
  ('NOT077', 'INVENTORI004', 'MERK004', 1, 1),
  ('NOT078', 'INVENTORI005', 'MERK005', 1, 1),
  ('NOT078', 'INVENTORI006', 'MERK006', 1, 1),
  ('NOT079', 'INVENTORI007', 'MERK007', 1, 1),
  ('NOT079', 'INVENTORI008', 'MERK008', 1, 1),
  ('NOT080', 'INVENTORI009', 'MERK009', 1, 1),
  ('NOT080', 'INVENTORI010', 'MERK010', 1, 1),
  ('NOT081', 'INVENTORI011', 'MERK011', 1, 1),
  ('NOT081', 'INVENTORI012', 'MERK012', 1, 1),
  ('NOT082', 'INVENTORI013', 'MERK013', 1, 1),
  ('NOT082', 'INVENTORI014', 'MERK014', 1, 1),
  ('NOT083', 'INVENTORI015', 'MERK015', 1, 1),
  ('NOT083', 'INVENTORI016', 'MERK016', 1, 1),
  ('NOT084', 'INVENTORI017', 'MERK017', 1, 1),
  ('NOT084', 'INVENTORI018', 'MERK018', 1, 1),
  ('NOT085', 'INVENTORI019', 'MERK019', 1, 1),
  ('NOT085', 'INVENTORI020', 'MERK020', 1, 1),
  ('NOT086', 'INVENTORI021', 'MERK021', 1, 1),
  ('NOT086', 'INVENTORI022', 'MERK022', 1, 1),
  ('NOT087', 'INVENTORI023', 'MERK023', 1, 1),
  ('NOT087', 'INVENTORI024', 'MERK024', 1, 1),
  ('NOT088', 'INVENTORI025', 'MERK025', 1, 1),
  ('NOT088', 'INVENTORI026', 'MERK026', 1, 1),
  ('NOT089', 'INVENTORI027', 'MERK027', 1, 1),
  ('NOT089', 'INVENTORI028', 'MERK028', 1, 1),
  ('NOT090', 'INVENTORI029', 'MERK029', 1, 1),
  ('NOT090', 'INVENTORI030', 'MERK030', 1, 1),
  ('NOT091', 'INVENTORI031', 'MERK031', 1, 1),
  ('NOT091', 'INVENTORI032', 'MERK032', 1, 1),
  ('NOT092', 'INVENTORI033', 'MERK033', 1, 1),
  ('NOT092', 'INVENTORI034', 'MERK034', 1, 1),
  ('NOT093', 'INVENTORI035', 'MERK035', 1, 1),
  ('NOT093', 'INVENTORI036', 'MERK036', 1, 1),
  ('NOT094', 'INVENTORI037', 'MERK037', 1, 1),
  ('NOT094', 'INVENTORI038', 'MERK038', 1, 1),
  ('NOT095', 'INVENTORI039', 'MERK039', 1, 1),
  ('NOT095', 'INVENTORI040', 'MERK040', 1, 1),
  ('NOT096', 'INVENTORI041', 'MERK041', 1, 1),
  ('NOT096', 'INVENTORI042', 'MERK042', 1, 1),
  ('NOT097', 'INVENTORI043', 'MERK043', 1, 1),
  ('NOT097', 'INVENTORI044', 'MERK044', 1, 1),
  ('NOT098', 'INVENTORI045', 'MERK045', 1, 1),
  ('NOT098', 'INVENTORI046', 'MERK046', 1, 1),
  ('NOT099', 'INVENTORI047', 'MERK047', 1, 1),
  ('NOT099', 'INVENTORI048', 'MERK048', 1, 1),
  ('NOT100', 'INVENTORI049', 'MERK049', 1, 1),
  ('NOT100', 'INVENTORI050', 'MERK050', 1, 1),
  ('NOT101', 'INVENTORI001', 'MERK001', 1, 1),
  ('NOT101', 'INVENTORI002', 'MERK002', 1, 1),
  ('NOT102', 'INVENTORI003', 'MERK003', 1, 1),
  ('NOT102', 'INVENTORI004', 'MERK004', 1, 1),
  ('NOT103', 'INVENTORI005', 'MERK005', 1, 1),
  ('NOT103', 'INVENTORI006', 'MERK006', 1, 1),
  ('NOT104', 'INVENTORI007', 'MERK007', 1, 1),
  ('NOT104', 'INVENTORI008', 'MERK008', 1, 1),
  ('NOT105', 'INVENTORI009', 'MERK009', 1, 1),
  ('NOT105', 'INVENTORI010', 'MERK010', 1, 1),
  ('NOT106', 'INVENTORI011', 'MERK011', 1, 1),
  ('NOT106', 'INVENTORI012', 'MERK012', 1, 1),
  ('NOT107', 'INVENTORI013', 'MERK013', 1, 1),
  ('NOT107', 'INVENTORI014', 'MERK014', 1, 1),
  ('NOT108', 'INVENTORI015', 'MERK015', 1, 1),
  ('NOT108', 'INVENTORI016', 'MERK016', 1, 1),
  ('NOT109', 'INVENTORI017', 'MERK017', 1, 1),
  ('NOT109', 'INVENTORI018', 'MERK018', 1, 1),
  ('NOT110', 'INVENTORI019', 'MERK019', 1, 1),
  ('NOT110', 'INVENTORI020', 'MERK020', 1, 1),
  ('NOT111', 'INVENTORI021', 'MERK021', 1, 1),
  ('NOT111', 'INVENTORI022', 'MERK022', 1, 1),
  ('NOT112', 'INVENTORI023', 'MERK023', 1, 1),
  ('NOT112', 'INVENTORI024', 'MERK024', 1, 1),
  ('NOT113', 'INVENTORI025', 'MERK025', 1, 1),
  ('NOT113', 'INVENTORI026', 'MERK026', 1, 1),
  ('NOT114', 'INVENTORI027', 'MERK027', 1, 1),
  ('NOT114', 'INVENTORI028', 'MERK028', 1, 1),
  ('NOT115', 'INVENTORI029', 'MERK029', 1, 1),
  ('NOT115', 'INVENTORI030', 'MERK030', 1, 1),
  ('NOT116', 'INVENTORI031', 'MERK031', 1, 1),
  ('NOT116', 'INVENTORI032', 'MERK032', 1, 1),
  ('NOT117', 'INVENTORI033', 'MERK033', 1, 1),
  ('NOT117', 'INVENTORI034', 'MERK034', 1, 1),
  ('NOT118', 'INVENTORI035', 'MERK035', 1, 1),
  ('NOT118', 'INVENTORI036', 'MERK036', 1, 1),
  ('NOT119', 'INVENTORI037', 'MERK037', 1, 1),
  ('NOT119', 'INVENTORI038', 'MERK038', 1, 1),
  ('NOT120', 'INVENTORI039', 'MERK039', 1, 1),
  ('NOT120', 'INVENTORI040', 'MERK040', 1, 1),
  ('NOT121', 'INVENTORI041', 'MERK041', 1, 1),
  ('NOT121', 'INVENTORI042', 'MERK042', 1, 1),
  ('NOT122', 'INVENTORI043', 'MERK043', 1, 1),
  ('NOT122', 'INVENTORI044', 'MERK044', 1, 1),
  ('NOT123', 'INVENTORI045', 'MERK045', 1, 1),
  ('NOT123', 'INVENTORI046', 'MERK046', 1, 1),
  ('NOT124', 'INVENTORI047', 'MERK047', 1, 1),
  ('NOT124', 'INVENTORI048', 'MERK048', 1, 1),
  ('NOT125', 'INVENTORI049', 'MERK049', 1, 1),
  ('NOT125', 'INVENTORI050', 'MERK050', 1, 1),
  ('NOT126', 'INVENTORI001', 'MERK001', 1, 1),
  ('NOT126', 'INVENTORI002', 'MERK002', 1, 1),
  ('NOT127', 'INVENTORI003', 'MERK003', 1, 1),
  ('NOT127', 'INVENTORI004', 'MERK004', 1, 1),
  ('NOT128', 'INVENTORI005', 'MERK005', 1, 1),
  ('NOT128', 'INVENTORI006', 'MERK006', 1, 1),
  ('NOT129', 'INVENTORI007', 'MERK007', 1, 1),
  ('NOT129', 'INVENTORI008', 'MERK008', 1, 1),
  ('NOT130', 'INVENTORI009', 'MERK009', 1, 1),
  ('NOT130', 'INVENTORI010', 'MERK010', 1, 1),
  ('NOT131', 'INVENTORI011', 'MERK011', 1, 1),
  ('NOT131', 'INVENTORI012', 'MERK012', 1, 1),
  ('NOT132', 'INVENTORI013', 'MERK013', 1, 1),
  ('NOT132', 'INVENTORI014', 'MERK014', 1, 1),
  ('NOT133', 'INVENTORI015', 'MERK015', 1, 1),
  ('NOT133', 'INVENTORI016', 'MERK016', 1, 1),
  ('NOT134', 'INVENTORI017', 'MERK017', 1, 1),
  ('NOT134', 'INVENTORI018', 'MERK018', 1, 1),
  ('NOT135', 'INVENTORI019', 'MERK019', 1, 1),
  ('NOT135', 'INVENTORI020', 'MERK020', 1, 1),
  ('NOT136', 'INVENTORI021', 'MERK021', 1, 1),
  ('NOT136', 'INVENTORI022', 'MERK022', 1, 1),
  ('NOT137', 'INVENTORI023', 'MERK023', 1, 1),
  ('NOT137', 'INVENTORI024', 'MERK024', 1, 1),
  ('NOT138', 'INVENTORI025', 'MERK025', 1, 1),
  ('NOT138', 'INVENTORI026', 'MERK026', 1, 1),
  ('NOT139', 'INVENTORI027', 'MERK027', 1, 1),
  ('NOT139', 'INVENTORI028', 'MERK028', 1, 1),
  ('NOT140', 'INVENTORI029', 'MERK029', 1, 1),
  ('NOT140', 'INVENTORI030', 'MERK030', 1, 1),
  ('NOT141', 'INVENTORI031', 'MERK031', 1, 1),
  ('NOT141', 'INVENTORI032', 'MERK032', 1, 1),
  ('NOT142', 'INVENTORI033', 'MERK033', 1, 1),
  ('NOT142', 'INVENTORI034', 'MERK034', 1, 1),
  ('NOT143', 'INVENTORI035', 'MERK035', 1, 1),
  ('NOT143', 'INVENTORI036', 'MERK036', 1, 1),
  ('NOT144', 'INVENTORI037', 'MERK037', 1, 1),
  ('NOT144', 'INVENTORI038', 'MERK038', 1, 1),
  ('NOT145', 'INVENTORI039', 'MERK039', 1, 1),
  ('NOT145', 'INVENTORI040', 'MERK040', 1, 1),
  ('NOT146', 'INVENTORI041', 'MERK041', 1, 1),
  ('NOT146', 'INVENTORI042', 'MERK042', 1, 1),
  ('NOT147', 'INVENTORI043', 'MERK043', 1, 1),
  ('NOT147', 'INVENTORI044', 'MERK044', 1, 1),
  ('NOT148', 'INVENTORI045', 'MERK045', 1, 1),
  ('NOT148', 'INVENTORI046', 'MERK046', 1, 1),
  ('NOT149', 'INVENTORI047', 'MERK047', 1, 1),
  ('NOT149', 'INVENTORI048', 'MERK048', 1, 1),
  ('NOT150', 'INVENTORI049', 'MERK049', 1, 1),
  ('NOT150', 'INVENTORI050', 'MERK050', 1, 1),
  ('NOT151', 'INVENTORI001', 'MERK001', 1, 1),
  ('NOT151', 'INVENTORI002', 'MERK002', 1, 1),
  ('NOT152', 'INVENTORI003', 'MERK003', 1, 1),
  ('NOT152', 'INVENTORI004', 'MERK004', 1, 1),
  ('NOT153', 'INVENTORI005', 'MERK005', 1, 1),
  ('NOT153', 'INVENTORI006', 'MERK006', 1, 1),
  ('NOT154', 'INVENTORI007', 'MERK007', 1, 1),
  ('NOT154', 'INVENTORI008', 'MERK008', 1, 1),
  ('NOT155', 'INVENTORI009', 'MERK009', 1, 1),
  ('NOT155', 'INVENTORI010', 'MERK010', 1, 1),
  ('NOT156', 'INVENTORI011', 'MERK011', 1, 1),
  ('NOT156', 'INVENTORI012', 'MERK012', 1, 1),
  ('NOT157', 'INVENTORI013', 'MERK013', 1, 1),
  ('NOT157', 'INVENTORI014', 'MERK014', 1, 1),
  ('NOT158', 'INVENTORI015', 'MERK015', 1, 1),
  ('NOT158', 'INVENTORI016', 'MERK016', 1, 1),
  ('NOT159', 'INVENTORI017', 'MERK017', 1, 1),
  ('NOT159', 'INVENTORI018', 'MERK018', 1, 1),
  ('NOT160', 'INVENTORI019', 'MERK019', 1, 1),
  ('NOT160', 'INVENTORI020', 'MERK020', 1, 1),
  ('NOT161', 'INVENTORI021', 'MERK021', 1, 1),
  ('NOT161', 'INVENTORI022', 'MERK022', 1, 1),
  ('NOT162', 'INVENTORI023', 'MERK023', 1, 1),
  ('NOT162', 'INVENTORI024', 'MERK024', 1, 1),
  ('NOT163', 'INVENTORI025', 'MERK025', 1, 1),
  ('NOT163', 'INVENTORI026', 'MERK026', 1, 1),
  ('NOT164', 'INVENTORI027', 'MERK027', 1, 1),
  ('NOT164', 'INVENTORI028', 'MERK028', 1, 1),
  ('NOT165', 'INVENTORI029', 'MERK029', 1, 1),
  ('NOT165', 'INVENTORI030', 'MERK030', 1, 1),
  ('NOT166', 'INVENTORI031', 'MERK031', 1, 1),
  ('NOT166', 'INVENTORI032', 'MERK032', 1, 1),
  ('NOT167', 'INVENTORI033', 'MERK033', 1, 1),
  ('NOT167', 'INVENTORI034', 'MERK034', 1, 1),
  ('NOT168', 'INVENTORI035', 'MERK035', 1, 1),
  ('NOT168', 'INVENTORI036', 'MERK036', 1, 1),
  ('NOT169', 'INVENTORI037', 'MERK037', 1, 1),
  ('NOT169', 'INVENTORI038', 'MERK038', 1, 1),
  ('NOT170', 'INVENTORI039', 'MERK039', 1, 1),
  ('NOT170', 'INVENTORI040', 'MERK040', 1, 1),
  ('NOT171', 'INVENTORI041', 'MERK041', 1, 1),
  ('NOT171', 'INVENTORI042', 'MERK042', 1, 1),
  ('NOT172', 'INVENTORI043', 'MERK043', 1, 1),
  ('NOT172', 'INVENTORI044', 'MERK044', 1, 1),
  ('NOT173', 'INVENTORI045', 'MERK045', 1, 1),
  ('NOT173', 'INVENTORI046', 'MERK046', 1, 1),
  ('NOT174', 'INVENTORI047', 'MERK047', 1, 1),
  ('NOT174', 'INVENTORI048', 'MERK048', 1, 1),
  ('NOT175', 'INVENTORI049', 'MERK049', 1, 1),
  ('NOT175', 'INVENTORI050', 'MERK050', 1, 1),
  ('NOT176', 'INVENTORI001', 'MERK001', 1, 1),
  ('NOT176', 'INVENTORI002', 'MERK002', 1, 1),
  ('NOT177', 'INVENTORI003', 'MERK003', 1, 1),
  ('NOT177', 'INVENTORI004', 'MERK004', 1, 1),
  ('NOT178', 'INVENTORI005', 'MERK005', 1, 1),
  ('NOT178', 'INVENTORI006', 'MERK006', 1, 1),
  ('NOT179', 'INVENTORI007', 'MERK007', 1, 1),
  ('NOT179', 'INVENTORI008', 'MERK008', 1, 1),
  ('NOT180', 'INVENTORI009', 'MERK009', 1, 1),
  ('NOT180', 'INVENTORI010', 'MERK010', 1, 1),
  ('NOT181', 'INVENTORI011', 'MERK011', 1, 1),
  ('NOT181', 'INVENTORI012', 'MERK012', 1, 1),
  ('NOT182', 'INVENTORI013', 'MERK013', 1, 1),
  ('NOT182', 'INVENTORI014', 'MERK014', 1, 1),
  ('NOT183', 'INVENTORI015', 'MERK015', 1, 1),
  ('NOT183', 'INVENTORI016', 'MERK016', 1, 1),
  ('NOT184', 'INVENTORI017', 'MERK017', 1, 1),
  ('NOT184', 'INVENTORI018', 'MERK018', 1, 1),
  ('NOT185', 'INVENTORI019', 'MERK019', 1, 1),
  ('NOT185', 'INVENTORI020', 'MERK020', 1, 1),
  ('NOT186', 'INVENTORI021', 'MERK021', 1, 1),
  ('NOT186', 'INVENTORI022', 'MERK022', 1, 1),
  ('NOT187', 'INVENTORI023', 'MERK023', 1, 1),
  ('NOT187', 'INVENTORI024', 'MERK024', 1, 1),
  ('NOT188', 'INVENTORI025', 'MERK025', 1, 1),
  ('NOT188', 'INVENTORI026', 'MERK026', 1, 1),
  ('NOT189', 'INVENTORI027', 'MERK027', 1, 1),
  ('NOT189', 'INVENTORI028', 'MERK028', 1, 1),
  ('NOT190', 'INVENTORI029', 'MERK029', 1, 1),
  ('NOT190', 'INVENTORI030', 'MERK030', 1, 1),
  ('NOT191', 'INVENTORI031', 'MERK031', 1, 1),
  ('NOT191', 'INVENTORI032', 'MERK032', 1, 1),
  ('NOT192', 'INVENTORI033', 'MERK033', 1, 1),
  ('NOT192', 'INVENTORI034', 'MERK034', 1, 1),
  ('NOT193', 'INVENTORI035', 'MERK035', 1, 1),
  ('NOT193', 'INVENTORI036', 'MERK036', 1, 1),
  ('NOT194', 'INVENTORI037', 'MERK037', 1, 1),
  ('NOT194', 'INVENTORI038', 'MERK038', 1, 1),
  ('NOT195', 'INVENTORI039', 'MERK039', 1, 1),
  ('NOT195', 'INVENTORI040', 'MERK040', 1, 1),
  ('NOT196', 'INVENTORI041', 'MERK041', 1, 1),
  ('NOT196', 'INVENTORI042', 'MERK042', 1, 1),
  ('NOT197', 'INVENTORI043', 'MERK043', 1, 1),
  ('NOT197', 'INVENTORI044', 'MERK044', 1, 1),
  ('NOT198', 'INVENTORI045', 'MERK045', 1, 1),
  ('NOT198', 'INVENTORI046', 'MERK046', 1, 1),
  ('NOT199', 'INVENTORI047', 'MERK047', 1, 1),
  ('NOT199', 'INVENTORI048', 'MERK048', 1, 1),
  ('NOT200', 'INVENTORI049', 'MERK049', 1, 1),
  ('NOT200', 'INVENTORI050', 'MERK050', 1, 1),
  ('NOT201', 'INVENTORI001', 'MERK001', 1, 1),
  ('NOT201', 'INVENTORI002', 'MERK002', 1, 1),
  ('NOT202', 'INVENTORI003', 'MERK003', 1, 1),
  ('NOT202', 'INVENTORI004', 'MERK004', 1, 1),
  ('NOT203', 'INVENTORI005', 'MERK005', 1, 1),
  ('NOT203', 'INVENTORI006', 'MERK006', 1, 1),
  ('NOT204', 'INVENTORI007', 'MERK007', 1, 1),
  ('NOT204', 'INVENTORI008', 'MERK008', 1, 1),
  ('NOT205', 'INVENTORI009', 'MERK009', 1, 1),
  ('NOT205', 'INVENTORI010', 'MERK010', 1, 1),
  ('NOT206', 'INVENTORI011', 'MERK011', 1, 1),
  ('NOT206', 'INVENTORI012', 'MERK012', 1, 1),
  ('NOT207', 'INVENTORI013', 'MERK013', 1, 1),
  ('NOT207', 'INVENTORI014', 'MERK014', 1, 1),
  ('NOT208', 'INVENTORI015', 'MERK015', 1, 1),
  ('NOT208', 'INVENTORI016', 'MERK016', 1, 1),
  ('NOT209', 'INVENTORI017', 'MERK017', 1, 1),
  ('NOT209', 'INVENTORI018', 'MERK018', 1, 1),
  ('NOT210', 'INVENTORI019', 'MERK019', 1, 1),
  ('NOT210', 'INVENTORI020', 'MERK020', 1, 1),
  ('NOT211', 'INVENTORI021', 'MERK021', 1, 1),
  ('NOT211', 'INVENTORI022', 'MERK022', 1, 1),
  ('NOT212', 'INVENTORI023', 'MERK023', 1, 1),
  ('NOT212', 'INVENTORI024', 'MERK024', 1, 1),
  ('NOT213', 'INVENTORI025', 'MERK025', 1, 1),
  ('NOT213', 'INVENTORI026', 'MERK026', 1, 1),
  ('NOT214', 'INVENTORI027', 'MERK027', 1, 1),
  ('NOT214', 'INVENTORI028', 'MERK028', 1, 1),
  ('NOT215', 'INVENTORI029', 'MERK029', 1, 1),
  ('NOT215', 'INVENTORI030', 'MERK030', 1, 1),
  ('NOT216', 'INVENTORI031', 'MERK031', 1, 1),
  ('NOT216', 'INVENTORI032', 'MERK032', 1, 1),
  ('NOT217', 'INVENTORI033', 'MERK033', 1, 1),
  ('NOT217', 'INVENTORI034', 'MERK034', 1, 1),
  ('NOT218', 'INVENTORI035', 'MERK035', 1, 1),
  ('NOT218', 'INVENTORI036', 'MERK036', 1, 1),
  ('NOT219', 'INVENTORI037', 'MERK037', 1, 1),
  ('NOT219', 'INVENTORI038', 'MERK038', 1, 1),
  ('NOT220', 'INVENTORI039', 'MERK039', 1, 1),
  ('NOT220', 'INVENTORI040', 'MERK040', 1, 1),
  ('NOT221', 'INVENTORI041', 'MERK041', 1, 1),
  ('NOT221', 'INVENTORI042', 'MERK042', 1, 1),
  ('NOT222', 'INVENTORI043', 'MERK043', 1, 1),
  ('NOT222', 'INVENTORI044', 'MERK044', 1, 1),
  ('NOT223', 'INVENTORI045', 'MERK045', 1, 1),
  ('NOT223', 'INVENTORI046', 'MERK046', 1, 1),
  ('NOT224', 'INVENTORI047', 'MERK047', 1, 1),
  ('NOT224', 'INVENTORI048', 'MERK048', 1, 1),
  ('NOT225', 'INVENTORI049', 'MERK049', 1, 1),
  ('NOT225', 'INVENTORI050', 'MERK050', 1, 1),
  ('NOT226', 'INVENTORI001', 'MERK001', 1, 1),
  ('NOT226', 'INVENTORI002', 'MERK002', 1, 1),
  ('NOT227', 'INVENTORI003', 'MERK003', 1, 1),
  ('NOT227', 'INVENTORI004', 'MERK004', 1, 1),
  ('NOT228', 'INVENTORI005', 'MERK005', 1, 1),
  ('NOT228', 'INVENTORI006', 'MERK006', 1, 1),
  ('NOT229', 'INVENTORI007', 'MERK007', 1, 1),
  ('NOT229', 'INVENTORI008', 'MERK008', 1, 1),
  ('NOT230', 'INVENTORI009', 'MERK009', 1, 1),
  ('NOT230', 'INVENTORI010', 'MERK010', 1, 1),
  ('NOT231', 'INVENTORI011', 'MERK011', 1, 1),
  ('NOT231', 'INVENTORI012', 'MERK012', 1, 1),
  ('NOT232', 'INVENTORI013', 'MERK013', 1, 1),
  ('NOT232', 'INVENTORI014', 'MERK014', 1, 1),
  ('NOT233', 'INVENTORI015', 'MERK015', 1, 1),
  ('NOT233', 'INVENTORI016', 'MERK016', 1, 1),
  ('NOT234', 'INVENTORI017', 'MERK017', 1, 1),
  ('NOT234', 'INVENTORI018', 'MERK018', 1, 1),
  ('NOT235', 'INVENTORI019', 'MERK019', 1, 1),
  ('NOT235', 'INVENTORI020', 'MERK020', 1, 1),
  ('NOT236', 'INVENTORI021', 'MERK021', 1, 1),
  ('NOT236', 'INVENTORI022', 'MERK022', 1, 1),
  ('NOT237', 'INVENTORI023', 'MERK023', 1, 1),
  ('NOT237', 'INVENTORI024', 'MERK024', 1, 1),
  ('NOT238', 'INVENTORI025', 'MERK025', 1, 1),
  ('NOT238', 'INVENTORI026', 'MERK026', 1, 1),
  ('NOT239', 'INVENTORI027', 'MERK027', 1, 1),
  ('NOT239', 'INVENTORI028', 'MERK028', 1, 1),
  ('NOT240', 'INVENTORI029', 'MERK029', 1, 1),
  ('NOT240', 'INVENTORI030', 'MERK030', 1, 1),
  ('NOT241', 'INVENTORI031', 'MERK031', 1, 1),
  ('NOT241', 'INVENTORI032', 'MERK032', 1, 1),
  ('NOT242', 'INVENTORI033', 'MERK033', 1, 1),
  ('NOT242', 'INVENTORI034', 'MERK034', 1, 1),
  ('NOT243', 'INVENTORI035', 'MERK035', 1, 1),
  ('NOT243', 'INVENTORI036', 'MERK036', 1, 1),
  ('NOT244', 'INVENTORI037', 'MERK037', 1, 1),
  ('NOT244', 'INVENTORI038', 'MERK038', 1, 1),
  ('NOT245', 'INVENTORI039', 'MERK039', 1, 1),
  ('NOT245', 'INVENTORI040', 'MERK040', 1, 1),
  ('NOT246', 'INVENTORI041', 'MERK041', 1, 1),
  ('NOT246', 'INVENTORI042', 'MERK042', 1, 1),
  ('NOT247', 'INVENTORI043', 'MERK043', 1, 1),
  ('NOT247', 'INVENTORI044', 'MERK044', 1, 1),
  ('NOT248', 'INVENTORI045', 'MERK045', 1, 1),
  ('NOT248', 'INVENTORI046', 'MERK046', 1, 1),
  ('NOT249', 'INVENTORI047', 'MERK047', 1, 1),
  ('NOT249', 'INVENTORI048', 'MERK048', 1, 1),
  ('NOT250', 'INVENTORI049', 'MERK049', 1, 1),
  ('NOT250', 'INVENTORI050', 'MERK050', 1, 1);


INSERT INTO STAF_MENGGANTI_INVENTORI VALUES
  ('INVENTORI001', 'MERK001', '026@gmail.com', '2016-01-01 00:00:00', 1, 'Alasan Penggantian'),
  ('INVENTORI002', 'MERK002', '027@gmail.com', '2016-01-01 00:00:00', 1, 'Alasan Penggantian'),
  ('INVENTORI003', 'MERK003', '028@gmail.com', '2016-01-01 00:00:00', 1, 'Alasan Penggantian'),
  ('INVENTORI004', 'MERK004', '029@gmail.com', '2016-01-01 00:00:00', 1, 'Alasan Penggantian'),
  ('INVENTORI005', 'MERK005', '030@gmail.com', '2016-01-01 00:00:00', 1, 'Alasan Penggantian'),
  ('INVENTORI006', 'MERK006', '031@gmail.com', '2016-01-01 00:00:00', 1, 'Alasan Penggantian'),
  ('INVENTORI007', 'MERK007', '032@gmail.com', '2016-01-01 00:00:00', 1, 'Alasan Penggantian'),
  ('INVENTORI008', 'MERK008', '033@gmail.com', '2016-01-01 00:00:00', 1, 'Alasan Penggantian'),
  ('INVENTORI009', 'MERK009', '034@gmail.com', '2016-01-01 00:00:00', 1, 'Alasan Penggantian'),
  ('INVENTORI010', 'MERK010', '035@gmail.com', '2016-01-01 00:00:00', 1, 'Alasan Penggantian'),
  ('INVENTORI011', 'MERK011', '036@gmail.com', '2016-01-01 00:00:00', 1, 'Alasan Penggantian'),
  ('INVENTORI012', 'MERK012', '037@gmail.com', '2016-01-01 00:00:00', 1, 'Alasan Penggantian'),
  ('INVENTORI013', 'MERK013', '038@gmail.com', '2016-01-01 00:00:00', 1, 'Alasan Penggantian'),
  ('INVENTORI014', 'MERK014', '039@gmail.com', '2016-01-01 00:00:00', 1, 'Alasan Penggantian'),
  ('INVENTORI015', 'MERK015', '040@gmail.com', '2016-01-01 00:00:00', 1, 'Alasan Penggantian'),
  ('INVENTORI016', 'MERK016', '041@gmail.com', '2016-01-01 00:00:00', 1, 'Alasan Penggantian'),
  ('INVENTORI017', 'MERK017', '042@gmail.com', '2016-01-01 00:00:00', 1, 'Alasan Penggantian'),
  ('INVENTORI018', 'MERK018', '043@gmail.com', '2016-01-01 00:00:00', 1, 'Alasan Penggantian'),
  ('INVENTORI019', 'MERK019', '044@gmail.com', '2016-01-01 00:00:00', 1, 'Alasan Penggantian'),
  ('INVENTORI020', 'MERK020', '045@gmail.com', '2016-01-01 00:00:00', 1, 'Alasan Penggantian'),
  ('INVENTORI021', 'MERK021', '046@gmail.com', '2016-01-01 00:00:00', 1, 'Alasan Penggantian'),
  ('INVENTORI022', 'MERK022', '047@gmail.com', '2016-01-01 00:00:00', 1, 'Alasan Penggantian'),
  ('INVENTORI023', 'MERK023', '048@gmail.com', '2016-01-01 00:00:00', 1, 'Alasan Penggantian'),
  ('INVENTORI024', 'MERK024', '049@gmail.com', '2016-01-01 00:00:00', 1, 'Alasan Penggantian'),
  ('INVENTORI025', 'MERK025', '050@gmail.com', '2016-01-01 00:00:00', 1, 'Alasan Penggantian'),
  ('INVENTORI026', 'MERK026', '026@gmail.com', '2016-01-01 00:00:00', 1, 'Alasan Penggantian'),
  ('INVENTORI027', 'MERK027', '027@gmail.com', '2016-01-01 00:00:00', 1, 'Alasan Penggantian'),
  ('INVENTORI028', 'MERK028', '028@gmail.com', '2016-01-01 00:00:00', 1, 'Alasan Penggantian'),
  ('INVENTORI029', 'MERK029', '029@gmail.com', '2016-01-01 00:00:00', 1, 'Alasan Penggantian'),
  ('INVENTORI030', 'MERK030', '030@gmail.com', '2016-01-01 00:00:00', 1, 'Alasan Penggantian'),
  ('INVENTORI031', 'MERK031', '031@gmail.com', '2016-01-01 00:00:00', 1, 'Alasan Penggantian'),
  ('INVENTORI032', 'MERK032', '032@gmail.com', '2016-01-01 00:00:00', 1, 'Alasan Penggantian'),
  ('INVENTORI033', 'MERK033', '033@gmail.com', '2016-01-01 00:00:00', 1, 'Alasan Penggantian'),
  ('INVENTORI034', 'MERK034', '034@gmail.com', '2016-01-01 00:00:00', 1, 'Alasan Penggantian'),
  ('INVENTORI035', 'MERK035', '035@gmail.com', '2016-01-01 00:00:00', 1, 'Alasan Penggantian'),
  ('INVENTORI036', 'MERK036', '036@gmail.com', '2016-01-01 00:00:00', 1, 'Alasan Penggantian'),
  ('INVENTORI037', 'MERK037', '037@gmail.com', '2016-01-01 00:00:00', 1, 'Alasan Penggantian'),
  ('INVENTORI038', 'MERK038', '038@gmail.com', '2016-01-01 00:00:00', 1, 'Alasan Penggantian'),
  ('INVENTORI039', 'MERK039', '039@gmail.com', '2016-01-01 00:00:00', 1, 'Alasan Penggantian'),
  ('INVENTORI040', 'MERK040', '040@gmail.com', '2016-01-01 00:00:00', 1, 'Alasan Penggantian'),
  ('INVENTORI041', 'MERK041', '041@gmail.com', '2016-01-01 00:00:00', 1, 'Alasan Penggantian'),
  ('INVENTORI042', 'MERK042', '042@gmail.com', '2016-01-01 00:00:00', 1, 'Alasan Penggantian'),
  ('INVENTORI043', 'MERK043', '043@gmail.com', '2016-01-01 00:00:00', 1, 'Alasan Penggantian'),
  ('INVENTORI044', 'MERK044', '044@gmail.com', '2016-01-01 00:00:00', 1, 'Alasan Penggantian'),
  ('INVENTORI045', 'MERK045', '045@gmail.com', '2016-01-01 00:00:00', 1, 'Alasan Penggantian'),
  ('INVENTORI046', 'MERK046', '046@gmail.com', '2016-01-01 00:00:00', 1, 'Alasan Penggantian'),
  ('INVENTORI047', 'MERK047', '047@gmail.com', '2016-01-01 00:00:00', 1, 'Alasan Penggantian'),
  ('INVENTORI048', 'MERK048', '048@gmail.com', '2016-01-01 00:00:00', 1, 'Alasan Penggantian'),
  ('INVENTORI049', 'MERK049', '049@gmail.com', '2016-01-01 00:00:00', 1, 'Alasan Penggantian'),
  ('INVENTORI050', 'MERK050', '050@gmail.com', '2016-01-01 00:00:00', 1, 'Alasan Penggantian');